ID,BOARD_MINUTE,FROM_STATION,TO_STATION,ARRIVAL_MINUTE
1729,384,0,9,375
1730,384,0,12,380
2802,386,0,30,385
3,391,1,5,390
178,396,5,22,390
445,392,2,5,390
578,402,10,26,391
594,401,9,16,391
652,394,4,34,392
790,404,24,35,392
861,401,9,17,392
1225,393,3,19,393
1287,391,1,28,393
1305,401,1,7,394
1405,400,8,21,394
1456,397,6,23,394
1532,396,5,22,395
1543,399,0,6,395
1642,396,5,22,396
1699,394,4,21,396
1707,403,3,19,396
1852,403,11,21,397
2170,401,1,18,397
2270,393,3,9,398
2343,403,3,11,398
2413,392,2,14,398
2519,391,1,12,399
2529,402,10,13,399
2746,393,3,5,400
2938,400,8,24,400
2960,401,1,5,400
3329,391,1,2,401
3453,393,3,22,401
3489,396,5,22,402
3648,400,8,23,402
3778,401,9,24,402
4058,404,12,26,403
4170,392,2,13,403
4233,392,2,35,404
4281,396,5,21,404
61,416,12,22,405
128,408,6,22,405
246,418,19,20,405
336,415,11,21,406
367,417,18,24,406
948,419,14,35,406
990,410,16,31,407
1016,409,7,19,407
1381,419,6,18,408
1389,405,5,18,408
1401,410,16,18,408
1404,408,6,22,409
1578,409,7,22,409
1650,416,12,22,410
1705,410,8,11,410
1731,405,5,22,410
1757,416,12,19,411
1765,408,6,19,411
1974,411,16,24,412
2040,416,0,34,412
2150,417,5,20,412
2236,409,7,14,413
2319,413,3,19,413
2325,413,3,30,414
2475,419,6,23,414
2590,417,18,22,414
2646,405,5,35,415
2698,416,18,35,415
2719,417,18,26,416
2767,413,3,23,416
2785,412,15,16,416
3330,419,6,21,417
3584,416,0,28,417
3585,417,0,28,418
3586,417,0,28,418
3817,415,11,22,418
4037,405,12,19,419
4261,410,18,34,419
84,423,18,35,420
189,430,13,18,420
190,430,13,18,420
323,428,6,20,420
383,428,12,18,420
417,425,15,31,421
603,425,23,26,421
605,430,13,21,421
660,420,7,20,421
680,423,18,35,421
681,431,2,5,422
686,432,9,20,422
762,425,23,33,422
815,423,9,29,422
881,431,2,9,422
919,432,3,14,423
933,430,19,26,423
1014,421,3,27,423
1217,432,3,5,423
1222,431,8,22,423
1463,430,13,19,424
1535,425,10,23,424
1576,428,12,21,424
1594,420,7,22,424
1651,427,0,23,424
1666,428,6,20,425
1701,429,0,4,425
1717,422,8,21,425
1755,428,16,26,425
1817,432,3,28,425
1899,430,14,20,425
2083,432,3,11,426
2084,432,3,11,426
2178,434,16,30,426
2215,431,14,31,426
2218,428,16,24,426
2278,433,21,35,427
2280,425,23,25,427
2369,434,21,26,427
2472,428,34,35,427
2533,421,3,5,427
2551,427,0,4,428
2666,428,6,22,428
2699,434,11,19,428
2962,423,22,25,428
3088,423,16,35,428
3171,421,21,26,429
3179,432,3,6,429
3185,420,21,27,429
3306,423,18,35,429
3309,431,2,12,429
3341,423,22,28,430
3354,423,14,16,430
3375,425,17,26,430
3407,432,3,6,430
3471,432,3,6,430
3481,428,16,25,430
3588,427,0,3,431
3589,427,0,3,431
3735,421,20,28,431
3797,434,21,28,431
3806,430,13,22,431
3870,423,9,17,432
3886,433,10,22,432
3891,430,19,27,432
3921,430,25,32,432
3935,427,0,9,432
4014,430,13,21,433
4098,433,16,22,433
4189,423,18,28,433
4216,422,8,21,433
4226,432,3,9,433
4227,432,3,9,434
4270,425,20,35,434
4271,421,20,25,434
4350,434,20,27,434
4351,430,19,23,434
47,439,19,26,435
63,446,4,19,435
72,439,14,35,435
101,438,29,33,435
102,443,16,20,435
110,448,27,32,435
119,437,0,4,435
173,443,3,6,435
177,443,25,30,435
210,438,29,35,436
226,443,18,32,436
228,443,25,28,436
229,443,25,28,436
302,448,0,5,436
303,447,26,34,436
304,443,3,5,436
307,443,10,27,436
318,441,28,35,436
345,442,9,22,437
351,449,14,15,437
379,439,19,35,437
380,449,14,25,437
466,439,19,35,437
533,448,13,21,437
534,437,6,25,437
540,441,19,28,437
583,441,8,19,438
591,444,16,31,438
644,449,27,32,438
675,447,22,33,438
702,449,18,35,438
712,447,0,5,438
722,443,25,35,438
732,438,29,34,438
833,443,25,32,438
834,443,3,11,439
836,449,18,28,439
841,449,23,28,439
842,449,23,28,439
845,436,17,29,439
920,443,10,15,439
986,439,19,35,439
1015,443,18,21,439
1088,449,16,31,439
1097,437,6,25,440
1183,443,3,19,440
1199,441,8,21,440
1247,436,12,19,440
1252,443,10,18,440
1259,443,18,34,440
1271,436,15,27,440
1275,443,3,6,440
1375,447,12,17,441
1390,448,5,9,441
1407,443,3,5,441
1466,437,0,27,441
1467,436,0,6,441
1491,442,3,9,441
1498,447,0,5,441
1518,443,3,6,441
1615,442,9,20,441
1721,435,22,26,442
1733,437,0,27,442
1742,438,28,32,442
1746,447,0,5,442
1751,437,0,27,442
1761,447,14,21,442
1828,436,12,19,442
1836,441,2,5,442
1858,449,14,21,442
1896,446,11,19,443
1897,439,23,32,443
1933,443,10,14,443
1966,447,0,1,443
2031,439,23,32,443
2070,438,23,35,443
2074,443,25,35,443
2088,439,23,35,443
2098,441,8,22,444
2116,447,26,32,444
2176,437,7,11,444
2185,449,14,21,444
2211,445,21,35,444
2314,439,19,35,444
2342,441,2,8,444
2421,438,13,18,444
2429,448,0,5,444
2440,449,14,34,445
2444,447,22,25,445
2448,439,23,33,445
2460,443,18,34,445
2481,447,26,32,445
2543,438,13,16,445
2549,439,7,21,445
2570,439,23,26,445
2607,439,23,26,445
2633,447,12,19,446
2641,439,7,23,446
2652,443,3,4,446
2815,435,4,7,446
2831,439,23,31,446
2857,441,19,35,446
2866,439,23,24,446
2947,449,13,22,446
2971,447,0,5,447
3012,443,25,34,447
3031,447,0,4,447
3100,443,25,27,447
3106,443,3,6,447
3150,437,31,34,447
3170,449,27,31,447
3225,441,2,6,447
3234,436,15,32,447
3243,449,18,27,448
3434,449,23,35,448
3456,443,25,30,448
3700,441,8,22,448
3789,437,0,9,448
3894,447,0,5,448
4036,441,19,21,448
4059,443,10,25,448
4083,443,3,6,448
4084,446,4,28,449
4134,443,3,4,449
4161,448,13,21,449
4185,439,23,26,449
4187,442,31,33,449
4194,435,33,35,449
4220,443,3,5,449
4250,438,28,32,449
48,464,16,35,450
108,451,16,21,450
185,457,12,24,450
217,462,23,28,450
251,451,19,21,450
275,452,8,32,450
341,460,13,20,450
382,463,22,35,450
412,451,19,24,451
440,451,19,28,451
487,464,16,24,451
499,458,12,25,451
500,461,21,27,451
502,460,13,27,451
518,461,29,34,451
529,454,10,22,451
531,450,7,24,452
532,450,7,24,452
589,462,23,25,452
699,461,29,32,452
756,461,20,27,452
776,463,14,15,452
853,451,19,35,452
869,459,28,35,452
942,453,17,18,453
970,463,3,9,453
983,451,19,31,453
1020,451,2,13,453
1039,450,29,33,453
1062,453,25,30,453
1096,459,28,34,453
1106,452,3,6,454
1223,463,3,22,454
1240,463,23,33,454
1253,459,6,8,454
1257,453,25,30,454
1268,459,6,25,454
1303,451,24,32,454
1327,456,11,13,454
1331,463,3,9,455
1339,451,19,26,455
1340,451,19,26,455
1386,463,3,4,455
1497,452,3,6,455
1554,452,3,5,455
1683,463,3,14,455
1713,451,24,25,455
1726,459,0,5,456
1808,458,19,22,456
1848,451,30,35,456
1868,460,13,20,456
1929,458,12,19,456
1944,451,2,13,456
1953,463,8,18,456
1980,457,5,9,456
1981,453,17,25,457
2073,453,25,35,457
2075,462,7,19,457
2086,457,22,23,457
2091,462,23,31,457
2115,451,24,35,457
2168,456,16,31,457
2223,459,6,8,458
2254,462,13,16,458
2273,461,14,21,458
2307,457,5,14,458
2374,453,10,24,458
2385,455,4,22,458
2410,455,11,16,458
2486,463,3,5,458
2495,462,7,23,459
2522,452,18,32,459
2619,461,21,27,459
2678,456,26,32,459
2727,451,19,27,459
2852,458,19,26,459
2855,462,2,5,459
2890,459,6,22,459
2891,463,3,12,460
2918,458,19,22,460
2920,457,5,16,460
2924,458,19,24,460
2933,455,4,21,460
2948,464,3,5,460
3007,458,12,24,460
3025,450,7,30,460
3057,451,19,30,461
3173,464,16,21,461
3184,463,3,5,461
3216,456,18,27,461
3235,453,25,35,461
3236,463,3,5,461
3244,463,3,9,461
3278,464,16,30,462
3361,451,24,32,462
3399,450,29,33,462
3422,452,3,5,462
3845,461,1,9,462
3948,451,28,30,462
3975,455,21,29,462
3988,461,28,30,462
3996,457,12,25,463
3999,453,11,21,463
4042,457,22,25,463
4057,462,23,35,463
4077,462,2,6,463
4090,464,18,23,463
4096,458,19,22,463
4100,451,19,27,463
4188,461,29,35,464
4215,457,22,26,464
4229,450,1,5,464
4242,461,1,5,464
4286,453,25,31,464
4308,450,7,20,464
4352,452,3,16,464
39,471,2,6,465
56,474,19,26,465
62,478,15,24,465
68,477,21,24,465
88,477,4,21,465
165,477,21,28,465
166,478,5,26,465
184,469,25,30,465
186,476,16,22,466
218,470,12,25,466
224,467,5,15,466
334,473,8,21,466
335,473,8,21,466
355,470,6,10,466
358,465,10,25,466
387,466,23,26,466
404,465,10,22,467
431,471,14,25,467
444,473,3,11,467
452,478,17,27,467
501,469,16,27,467
554,469,18,26,467
639,465,9,21,467
695,474,19,22,467
788,466,13,18,468
794,465,4,19,468
876,470,18,35,468
883,469,25,27,468
997,475,9,19,468
1008,473,3,18,468
1024,478,29,35,468
1152,477,26,28,468
1193,466,26,35,469
1241,466,12,14,469
1261,470,6,9,469
1302,474,19,26,469
1330,467,5,19,469
1333,478,17,34,469
1398,479,0,3,469
1399,471,2,9,469
1452,473,3,19,470
1465,478,0,18,470
1468,478,0,25,470
1477,465,4,21,470
1488,476,18,25,470
1505,468,0,18,470
1545,469,0,4,470
1561,469,0,4,471
1591,479,0,5,471
1673,468,0,2,471
1805,474,19,25,471
1881,477,4,14,471
1912,473,3,8,471
1972,469,12,13,471
1983,478,0,11,471
2007,475,9,19,472
2051,472,7,25,472
2094,473,8,15,472
2120,470,12,25,472
2161,473,15,24,472
2205,478,20,35,472
2230,479,34,35,472
2260,478,28,35,472
2267,466,23,35,473
2306,470,12,23,473
2336,473,3,6,473
2337,473,3,31,473
2386,466,26,28,473
2418,477,4,35,473
2426,475,9,14,473
2491,475,9,17,473
2499,470,31,35,474
2511,478,5,21,474
2515,468,25,35,474
2614,470,31,34,474
2667,470,6,26,474
2704,474,19,21,474
2720,471,7,24,474
2772,470,19,30,474
2779,471,23,31,475
2795,470,18,20,475
2819,476,10,25,475
2827,473,26,27,475
2836,469,16,19,475
2840,469,25,31,475
2922,473,26,34,475
2953,477,29,33,475
2954,466,10,21,476
2975,470,6,14,476
3056,470,18,25,476
3137,470,16,23,476
3139,466,23,28,476
3146,470,12,23,476
3210,468,0,9,476
3211,474,19,20,476
3213,466,10,14,477
3222,478,21,22,477
3279,466,17,28,477
3397,471,25,27,477
3620,479,0,2,477
3925,479,0,27,477
3989,478,20,24,477
3992,471,7,22,477
4028,469,18,35,478
4071,466,15,21,478
4091,466,10,16,478
4123,473,3,34,478
4179,478,29,33,478
4186,473,3,15,478
4198,466,24,32,478
4209,473,26,32,478
4252,476,26,35,479
4259,465,31,35,479
4263,473,3,19,479
4264,467,5,21,479
4285,471,7,16,479
4290,465,10,19,479
4326,478,5,21,479
4337,478,29,33,479
22,485,4,8,480
78,487,5,18,480
155,488,19,20,480
156,484,7,8,480
170,488,6,22,480
230,486,24,26,480
241,482,28,32,480
258,480,16,25,480
271,482,19,26,480
272,491,12,15,481
356,492,3,5,481
364,488,6,10,481
403,488,18,22,481
535,489,25,31,481
597,480,16,32,481
629,489,25,28,481
662,491,22,26,481
708,487,18,35,481
724,480,14,17,482
804,494,23,35,482
832,482,29,33,482
846,493,26,32,482
894,480,6,19,482
908,480,12,18,482
921,481,12,19,482
926,483,23,34,482
939,482,29,33,482
944,494,23,32,483
949,493,16,24,483
951,481,24,25,483
980,488,16,17,483
1030,494,23,31,483
1057,483,3,4,483
1063,491,22,26,483
1077,494,23,35,483
1092,481,12,25,483
1129,486,32,35,484
1151,480,18,35,484
1180,491,22,35,484
1185,493,14,22,484
1190,481,1,4,484
1230,494,13,17,484
1280,481,31,35,484
1312,489,25,31,484
1314,481,1,7,484
1334,481,31,35,485
1383,482,19,27,485
1423,483,32,35,485
1476,480,22,30,485
1494,488,0,6,485
1601,487,0,5,485
1688,487,0,5,485
1783,487,10,21,485
1793,489,11,22,485
1866,494,26,27,486
1871,481,2,5,486
1920,482,19,33,486
1948,494,4,14,486
1949,482,28,31,486
2029,493,26,31,486
2043,486,5,25,486
2047,490,2,19,486
2059,494,10,19,486
2093,488,21,27,487
2107,492,33,35,487
2197,490,1,6,487
2207,493,16,31,487
2228,483,32,35,487
2243,484,32,35,487
2255,494,23,33,487
2266,491,12,18,487
2333,493,18,21,488
2371,494,23,26,488
2383,482,19,27,488
2400,480,22,28,488
2419,482,19,26,488
2476,490,1,6,488
2477,490,1,6,488
2503,488,6,11,488
2525,493,16,35,488
2554,482,19,27,489
2572,484,7,19,489
2591,481,2,24,489
2639,483,7,16,489
2671,488,16,35,489
2734,492,3,14,489
2752,483,3,9,489
2790,491,22,27,489
2804,489,11,22,489
2806,485,4,22,490
2856,487,34,35,490
2878,493,19,25,490
2911,483,3,5,490
3001,489,11,13,490
3032,490,1,7,490
3050,493,18,21,490
3081,487,10,19,490
3096,481,12,18,490
3102,483,7,21,491
3118,483,3,6,491
3145,489,25,27,491
3172,483,32,35,491
3187,480,22,24,491
3188,482,28,33,491
3255,483,3,6,491
3256,483,3,6,491
3260,493,16,20,491
3261,493,16,20,492
3262,493,16,20,492
3363,489,25,26,492
3369,483,7,21,492
3372,482,19,21,492
3373,482,19,26,492
3391,483,7,21,492
3420,483,32,35,492
3421,490,1,16,492
3458,480,6,27,493
3488,490,1,5,493
3494,488,6,30,493
3890,489,11,19,493
3957,483,23,31,493
3981,481,1,9,493
4003,494,23,33,493
4011,483,3,6,493
4097,483,3,5,493
4171,493,10,25,494
4200,482,29,33,494
4201,482,29,33,494
4218,480,22,33,494
4266,481,2,6,494
4297,488,6,22,494
4323,483,7,12,494
4324,480,12,16,494
43,498,12,21,495
91,509,0,4,495
115,505,21,24,495
125,498,12,22,495
152,509,19,26,495
161,504,3,13,495
253,508,0,3,495
254,508,0,4,495
265,499,7,10,495
287,499,20,26,495
300,501,25,34,495
305,505,26,32,495
321,501,25,31,495
385,503,10,16,496
396,500,14,26,496
410,505,15,19,496
425,509,25,31,496
438,507,12,15,496
506,509,29,30,496
515,501,22,26,496
581,507,27,35,496
599,501,19,26,496
611,509,0,5,496
626,507,14,15,496
630,496,18,21,496
649,509,25,31,496
663,500,8,25,497
671,502,19,29,497
697,507,5,15,497
730,500,16,31,497
761,498,12,32,497
791,501,22,29,497
801,500,18,21,497
805,499,29,33,497
887,507,27,34,497
974,506,17,21,497
1033,507,14,15,497
1090,496,18,21,497
1095,509,19,26,497
1133,509,25,31,498
1145,503,23,31,498
1191,507,12,18,498
1207,501,8,14,498
1215,509,25,34,498
1218,500,14,29,498
1239,497,28,35,498
1260,503,26,27,498
1278,501,29,33,498
1281,502,19,20,498
1350,504,23,35,498
1421,509,0,4,498
1475,504,3,10,498
1483,509,19,20,499
1499,508,0,6,499
1526,504,3,5,499
1551,499,0,3,499
1552,499,0,3,499
1556,509,0,3,499
1558,509,0,6,499
1566,509,0,4,499
1568,509,0,6,499
1569,509,0,6,499
1574,509,0,9,499
1579,509,0,5,499
1580,509,0,3,499
1582,499,0,3,500
1585,498,0,6,500
1608,509,0,5,500
1633,509,0,4,500
1675,498,0,3,500
1680,502,10,24,500
1694,499,0,14,500
1718,499,0,4,500
1725,498,0,23,500
1811,502,1,16,500
1990,497,28,34,500
1991,505,4,6,500
2015,499,29,33,500
2037,504,3,14,501
2038,504,3,14,501
2167,501,19,31,501
2171,499,0,6,501
2182,499,0,6,501
2187,496,5,21,501
2224,501,22,35,501
2257,508,28,31,501
2269,499,0,5,501
2317,503,23,25,501
2340,504,3,15,501
2341,504,3,15,501
2356,497,29,35,501
2360,497,8,12,502
2370,495,19,28,502
2391,506,21,25,502
2402,498,0,23,502
2417,495,19,22,502
2436,496,18,21,502
2474,499,7,9,502
2502,509,29,35,502
2544,509,0,3,502
2547,501,25,28,502
2548,501,25,28,502
2556,504,23,32,502
2568,509,25,35,502
2608,499,21,28,503
2637,500,16,24,503
2692,509,19,26,503
2700,507,32,35,503
2708,501,18,23,503
2709,501,18,23,503
2721,509,11,17,503
2757,497,24,31,503
2760,502,19,26,503
2774,504,3,14,503
2777,501,25,31,503
2791,506,18,19,503
2803,507,12,26,503
2805,500,28,35,504
2816,502,10,24,504
2846,504,3,5,504
2863,509,19,20,504
2877,497,24,34,504
2889,498,24,31,504
2917,501,8,20,504
2927,500,16,29,504
2934,497,28,35,504
2951,502,19,35,504
2989,502,9,20,504
3003,500,8,22,504
3017,500,18,21,504
3021,501,25,31,505
3059,497,6,26,505
3069,507,5,14,505
3122,500,16,25,505
3125,495,19,20,505
3126,505,20,25,505
3157,501,8,14,505
3217,498,15,24,505
3237,503,23,32,505
3238,503,23,35,505
3242,498,0,23,505
3266,498,17,34,505
3286,498,24,31,505
3289,501,19,24,506
3331,498,0,14,506
3343,498,0,23,506
3344,498,0,23,506
3390,498,21,27,506
3405,502,1,5,506
3406,502,1,5,506
3425,495,19,22,506
3428,497,11,15,506
3459,509,19,27,506
3460,501,22,27,506
3468,509,0,5,506
3579,509,0,4,506
3580,509,0,11,507
3643,499,0,6,507
3644,499,0,6,507
3649,498,0,23,507
3693,509,0,6,507
3694,499,0,3,507
3704,498,0,23,507
3715,509,0,10,507
3716,509,0,10,507
3719,498,0,23,507
3720,509,0,3,507
3726,499,0,4,507
3727,499,0,9,507
3732,509,0,6,508
3733,509,0,6,508
3760,499,0,5,508
3813,498,0,23,508
3877,498,0,3,508
3878,498,0,3,508
3907,509,0,3,508
3928,509,0,3,508
3931,508,0,14,508
3987,509,25,35,508
4008,509,19,20,508
4118,507,12,20,508
4124,501,25,35,508
4136,503,18,33,509
4137,507,22,32,509
4160,500,16,25,509
4178,496,18,31,509
4212,502,2,8,509
4213,507,12,24,509
4232,500,16,21,509
4243,509,0,2,509
4244,509,0,4,509
4265,495,19,31,509
4287,498,0,4,509
4338,499,16,19,509
4,516,32,35,510
8,517,28,31,510
147,522,20,26,510
154,524,3,5,510
162,516,29,33,510
188,511,19,24,510
245,518,19,28,510
274,517,22,26,510
280,522,12,16,510
326,522,12,16,510
344,521,29,33,510
347,517,7,12,510
350,517,22,27,511
361,524,3,4,511
370,522,7,19,511
371,522,7,19,511
394,517,22,25,511
397,514,8,22,511
400,514,8,22,511
408,522,14,21,511
414,510,28,32,511
437,514,29,35,511
461,524,25,32,511
483,523,8,9,511
485,515,25,31,512
488,518,19,22,512
509,514,4,23,512
512,521,28,34,512
528,524,25,30,512
545,510,23,30,512
549,511,19,32,512
601,514,31,35,512
633,512,2,12,512
638,520,24,28,512
642,523,2,20,512
674,522,14,18,512
725,518,19,20,513
738,517,19,22,513
739,517,19,22,513
749,524,25,30,513
757,513,3,5,513
781,511,23,35,513
802,518,19,32,513
809,516,4,5,513
854,515,20,26,513
859,513,30,35,513
867,524,25,28,513
892,524,25,31,513
902,515,25,35,514
915,524,3,27,514
916,524,3,27,514
946,524,25,26,514
947,511,19,28,514
971,516,28,31,514
994,512,2,5,514
1002,510,8,10,514
1004,517,10,22,514
1031,511,19,26,514
1036,524,25,32,514
1089,517,16,21,514
1105,517,19,33,515
1117,524,3,19,515
1144,521,28,29,515
1154,516,27,30,515
1161,513,24,31,515
1197,511,19,25,515
1202,515,25,31,515
1210,518,19,20,515
1246,518,11,16,515
1251,510,23,27,515
1269,517,19,27,515
1279,516,5,14,515
1285,521,23,31,516
1301,515,20,25,516
1343,517,28,32,516
1354,513,24,29,516
1361,511,6,9,516
1409,524,11,15,516
1411,517,19,25,516
1414,520,23,29,516
1512,523,3,4,516
1537,518,0,3,516
1583,518,0,6,516
1590,518,0,6,516
1634,524,3,4,517
1696,523,3,13,517
1775,519,12,21,517
1800,519,6,28,517
1801,523,8,14,517
1818,514,8,14,517
1873,510,6,7,517
1963,517,5,22,517
2028,518,19,21,517
2033,517,32,35,517
2057,522,7,20,517
2066,514,8,13,518
2076,513,3,26,518
2162,514,15,21,518
2184,510,15,23,518
2240,524,3,5,518
2277,517,16,20,518
2298,513,7,14,518
2316,510,31,35,518
2359,511,30,35,518
2454,513,26,35,518
2489,522,24,29,518
2512,516,4,5,518
2566,519,6,14,519
2581,517,22,26,519
2595,522,24,28,519
2654,518,19,22,519
2664,517,19,26,519
2665,513,3,4,519
2672,518,19,22,519
2687,515,20,26,519
2690,513,24,30,519
2694,518,19,21,519
2715,517,19,27,519
2799,517,18,27,519
2807,513,3,5,520
2820,524,25,31,520
2822,511,1,6,520
2833,523,22,28,520
2839,520,23,32,520
2854,518,11,30,520
2867,518,30,35,520
2870,512,16,18,520
2883,517,19,27,520
2899,517,22,32,520
2914,511,23,32,520
2965,516,32,35,520
2985,522,21,32,521
2988,516,16,20,521
2996,524,3,5,521
3033,515,25,31,521
3063,524,25,28,521
3064,524,25,28,521
3066,517,22,26,521
3098,518,19,26,521
3109,512,2,5,521
3183,517,16,28,521
3272,512,19,35,521
3281,517,16,25,521
3302,515,25,30,522
3318,518,19,20,522
3364,511,19,24,522
3387,510,6,9,522
3432,513,26,35,522
3454,517,29,32,522
3472,517,22,24,522
3476,524,25,26,522
3497,517,22,28,522
3582,511,19,31,522
3633,518,0,6,522
3647,518,0,3,522
3662,518,0,5,523
3663,518,0,5,523
3759,522,12,17,523
3847,518,0,4,523
3862,518,0,6,523
3896,520,0,9,523
3904,520,34,35,523
3914,520,0,5,523
3915,520,0,5,523
3916,520,0,6,523
3917,520,0,6,523
3939,520,12,24,523
3947,510,6,7,524
4012,510,6,7,524
4019,517,16,25,524
4038,511,13,17,524
4064,511,6,9,524
4072,524,25,28,524
4102,517,22,35,524
4125,523,8,15,524
4126,523,8,15,524
4166,517,22,28,524
4304,518,19,21,524
26,528,1,8,525
66,538,29,31,525
95,533,11,15,525
129,527,23,25,525
149,532,4,10,525
159,525,18,23,525
216,533,25,29,525
283,530,3,8,525
299,532,14,18,525
349,530,27,28,526
369,531,7,23,526
442,537,9,10,526
471,525,10,22,526
480,525,10,25,526
567,527,23,24,526
570,539,22,27,526
596,539,8,16,526
600,530,6,28,526
707,537,22,35,527
733,531,13,15,527
737,539,22,26,527
748,533,8,22,527
760,537,9,10,527
771,533,29,33,527
793,526,3,5,527
800,537,9,10,527
886,533,28,32,528
897,530,3,20,528
960,532,13,27,528
1094,528,26,31,528
1137,529,2,4,528
1142,536,16,32,528
1143,535,26,34,528
1254,539,22,27,528
1264,537,15,19,528
1290,533,19,25,529
1306,539,22,23,529
1307,539,22,26,529
1366,527,32,33,529
1379,525,18,24,529
1469,538,0,19,529
1513,532,4,9,529
1697,532,4,13,529
1785,532,19,21,530
1803,531,7,18,530
1839,539,12,19,530
1847,527,15,21,530
1874,530,6,28,530
1941,531,24,26,530
1943,539,0,4,530
1984,535,18,29,530
2004,532,23,35,530
2026,526,0,3,531
2036,536,6,7,531
2067,534,19,26,531
2110,527,23,29,531
2144,527,5,24,531
2152,529,18,35,531
2155,530,3,19,531
2227,527,23,25,531
2235,529,1,15,531
2246,536,21,27,532
2287,528,1,5,532
2347,538,0,3,532
2348,525,18,24,532
2352,531,13,24,532
2387,527,23,27,532
2409,534,5,6,532
2415,526,4,21,532
2416,533,19,32,533
2437,531,13,22,533
2449,538,28,29,533
2461,528,5,19,533
2466,534,5,10,533
2514,530,3,9,533
2579,539,22,27,533
2580,539,22,27,533
2582,537,20,27,533
2605,527,5,21,534
2677,529,2,23,534
2713,537,27,28,534
2787,539,8,25,534
2818,539,22,26,534
2851,537,21,26,534
2860,536,6,14,534
2977,527,23,27,534
2984,537,15,19,535
3002,530,27,29,535
3006,538,12,21,535
3016,529,16,24,535
3018,537,27,29,535
3042,528,1,6,535
3049,530,31,34,535
3053,533,19,22,535
3054,533,19,22,535
3105,526,0,3,536
3147,527,33,35,536
3152,527,23,28,536
3159,532,25,31,536
3205,525,16,22,536
3206,525,16,22,536
3248,534,19,25,536
3283,534,19,21,536
3284,534,19,21,536
3285,536,21,28,537
3317,527,5,13,537
3321,527,23,28,537
3396,534,5,28,537
3455,527,5,25,537
3457,533,19,20,537
3462,533,19,22,537
3475,525,16,29,537
3605,539,34,35,538
3670,526,0,4,538
3889,539,0,8,538
3973,535,9,14,538
3998,539,22,27,538
4075,531,12,20,538
4129,536,16,17,538
4159,527,23,30,538
4174,534,5,9,538
4175,534,5,9,539
4196,527,15,19,539
4214,527,23,29,539
4280,529,12,25,539
4295,530,31,35,539
4318,537,9,14,539
4332,531,30,32,539
4341,525,19,24,539
29,542,1,2,540
55,550,6,29,540
60,540,29,31,540
85,550,23,26,540
99,540,19,23,540
131,540,8,18,540
153,545,11,18,540
163,542,1,19,540
192,540,29,33,540
255,540,19,24,541
294,543,3,6,541
295,543,3,6,541
314,548,16,25,541
376,542,23,24,541
406,542,1,2,541
565,548,23,25,541
608,549,19,20,541
616,544,3,5,542
640,540,13,21,542
719,540,8,9,542
777,540,29,34,542
824,547,13,20,542
844,551,7,21,542
870,540,8,22,542
906,546,22,35,542
909,542,1,9,543
917,548,18,28,543
958,547,5,21,543
973,541,1,6,543
976,541,19,33,543
1043,550,23,26,543
1079,545,25,29,543
1080,553,28,35,543
1168,550,23,35,544
1220,541,14,20,544
1283,552,3,18,544
1284,545,11,16,544
1311,541,1,4,544
1349,544,18,35,544
1356,551,18,21,544
1357,551,18,21,544
1360,548,0,9,545
1393,543,3,5,545
1462,543,3,9,545
1484,548,0,6,545
1485,543,3,5,545
1777,554,21,27,545
1786,541,14,15,545
1816,553,29,33,545
1833,540,13,21,546
1835,541,14,21,546
1863,540,8,22,546
1869,551,18,24,546
1987,543,21,23,546
1995,549,19,31,546
1999,551,13,23,546
2002,541,23,28,546
2005,545,11,21,547
2100,543,3,5,547
2106,541,1,4,547
2138,544,3,5,547
2251,546,12,21,547
2322,545,22,26,547
2363,543,3,6,547
2380,544,12,14,547
2469,551,27,31,547
2483,541,14,19,548
2540,549,19,26,548
2541,549,19,26,548
2542,549,19,26,548
2574,548,18,19,548
2588,551,23,24,548
2593,549,19,21,548
2600,541,14,16,548
2693,543,3,5,549
2705,543,3,4,549
2736,540,29,35,549
2741,540,19,21,549
2771,543,3,5,549
2823,551,2,5,549
2847,549,19,22,549
2876,548,0,6,549
2885,542,23,24,550
2896,543,3,5,550
2941,546,21,35,550
2963,541,19,30,550
2995,540,19,32,550
3041,540,19,26,550
3044,549,19,27,550
3110,541,19,27,550
3112,542,23,28,551
3128,551,18,23,551
3175,551,13,25,551
3240,552,3,5,551
3265,544,3,9,551
3275,553,33,35,551
3282,543,10,14,551
3401,551,30,34,551
3403,540,28,32,552
3409,543,3,5,552
3444,541,1,7,552
3496,543,3,30,552
3709,543,3,4,552
3718,543,3,6,552
3730,548,0,9,552
3774,548,0,9,552
3830,548,0,6,553
3831,548,0,6,553
3832,548,0,6,553
3844,543,3,5,553
3997,550,23,27,553
4023,542,1,5,553
4026,546,22,35,553
4035,542,22,25,553
4060,552,20,27,554
4065,553,15,16,554
4112,551,23,30,554
4141,540,19,20,554
4183,551,2,23,554
4313,545,25,31,554
4345,547,5,25,554
4354,551,23,27,554
35,562,20,25,555
292,565,19,21,555
301,559,12,14,555
337,558,19,26,555
362,569,23,29,556
622,556,25,35,556
625,565,19,22,556
706,555,25,32,556
772,556,14,15,557
893,568,6,10,557
930,564,3,19,557
1249,567,17,27,557
1300,568,6,8,558
1679,568,0,9,558
1763,555,5,25,558
1768,563,9,10,558
1797,563,12,17,559
1814,569,23,27,559
1870,566,25,33,559
1880,565,16,19,559
1985,555,18,23,560
1986,556,18,23,560
2056,562,8,13,560
2225,556,22,23,560
2286,558,11,24,561
2289,558,19,21,561
2438,569,23,33,561
2484,556,11,17,561
2553,564,3,19,562
2560,555,9,14,562
2561,555,9,14,562
2601,556,22,33,563
2606,559,12,25,563
2632,563,22,26,563
2743,558,6,28,563
2747,556,16,26,564
2950,556,14,20,564
2966,558,19,27,564
3004,564,3,16,564
3111,559,12,29,565
3127,558,19,26,565
3186,565,18,22,565
3335,558,19,26,565
3389,562,20,24,566
3412,564,25,29,566
3426,568,6,11,566
3466,563,22,28,566
3473,558,19,20,567
3596,567,0,9,567
3630,568,0,9,567
3631,568,0,9,567
3695,567,0,5,568
3725,567,0,9,568
3983,567,15,16,568
4045,558,19,30,568
4055,556,14,19,569
4101,565,4,21,569
4173,563,9,17,569
27,571,8,16,570
106,579,6,20,570
187,571,29,30,570
195,570,23,25,570
311,580,29,33,570
409,579,27,28,570
436,571,1,5,571
446,573,25,30,571
537,581,7,21,571
552,571,1,12,571
564,577,26,27,571
607,571,8,14,572
661,579,6,13,572
731,579,31,33,572
814,582,23,26,572
816,570,18,22,572
849,578,18,23,572
884,570,23,26,573
888,579,19,31,573
895,582,28,32,573
993,579,14,23,573
1038,570,7,9,573
1146,571,29,35,574
1157,572,3,9,574
1158,579,27,32,574
1159,579,27,32,574
1160,572,24,28,574
1196,574,20,25,575
1336,573,3,5,575
1378,572,3,5,575
1702,572,3,10,575
1766,583,28,32,575
1798,582,23,28,575
1844,582,2,5,576
1850,579,19,22,576
1851,579,19,22,576
1853,583,20,26,576
1857,582,30,35,576
1872,571,1,5,577
1877,579,14,19,577
1879,579,31,33,577
1961,580,29,33,577
1971,583,28,32,577
1976,578,18,22,577
2085,571,19,29,578
2248,579,6,35,578
2272,578,16,21,578
2293,573,9,16,578
2365,577,12,16,578
2458,573,11,13,579
2507,574,20,23,579
2538,572,7,14,579
2564,582,20,30,579
2565,582,20,26,579
2618,571,1,9,580
2628,579,31,35,580
2670,574,21,25,580
2703,573,25,28,580
2800,573,3,5,580
2801,573,3,5,580
2874,571,19,25,581
2902,579,6,28,581
3093,570,16,23,581
3101,570,18,23,581
3148,573,9,11,581
3202,572,3,9,582
3203,572,3,9,582
3219,583,3,9,582
3230,583,3,10,582
3231,583,3,10,582
3264,582,29,33,582
3267,572,3,9,583
3355,575,21,27,583
3400,570,30,35,583
3408,570,7,16,583
3461,571,1,5,583
4016,583,29,35,584
4108,571,1,4,584
4131,579,31,35,584
4184,574,16,26,584
4355,583,3,14,584
10,594,6,24,585
69,589,31,34,585
472,598,28,35,585
631,590,21,27,585
689,598,8,20,585
710,594,6,14,586
754,589,6,14,586
768,594,28,32,586
838,596,11,27,586
850,590,7,22,587
885,598,23,24,587
1023,598,8,19,587
1041,589,13,20,587
1066,590,30,32,588
1167,587,18,27,588
1170,587,32,35,588
1228,593,5,18,588
1242,592,33,35,589
1255,593,25,29,589
1295,587,18,20,589
1296,587,18,20,589
1335,587,19,24,590
1351,599,19,26,590
1352,599,19,26,590
1380,589,1,5,590
1525,586,11,13,591
1549,586,0,9,591
1550,599,0,24,591
1671,599,0,6,591
1700,592,8,21,592
1749,599,0,3,592
1780,589,23,35,592
1788,593,5,16,592
1843,598,29,35,592
1956,587,25,27,593
1992,590,26,27,593
2001,599,8,12,593
2208,587,18,23,593
2214,598,16,19,594
2304,587,19,21,594
2453,598,23,28,594
2490,590,16,21,594
2610,594,27,32,595
2691,585,33,35,595
2732,599,19,22,595
2793,590,3,8,595
2841,587,19,20,596
2868,599,0,9,596
2909,585,4,11,596
2983,585,9,21,596
3072,599,19,21,597
3208,598,16,23,597
3209,598,16,23,597
3295,587,5,19,597
3338,587,19,21,598
3379,593,25,32,598
3534,599,0,24,598
4046,594,16,19,598
4130,589,6,9,599
4156,593,5,16,599
4307,599,0,9,599
4329,589,1,5,599
45,609,31,35,600
83,602,2,6,600
182,606,5,20,600
308,613,18,20,600
312,612,5,9,600
339,608,19,20,601
399,610,6,8,601
546,613,19,32,601
551,606,5,21,601
598,601,1,6,602
743,602,21,28,602
783,613,18,28,602
900,602,11,25,602
1013,602,1,14,603
1025,611,1,5,603
1040,603,24,35,603
1470,609,0,5,603
1553,613,3,9,603
1555,613,3,6,604
1770,603,12,25,604
1790,601,28,31,604
1809,601,20,21,604
1829,601,29,31,605
1846,609,8,12,605
1875,605,10,12,605
1895,611,15,17,605
1932,609,31,35,606
1989,608,16,22,606
1994,605,33,34,606
2112,613,3,9,606
2174,604,12,24,607
2183,603,12,21,607
2299,607,27,30,607
2446,609,30,33,607
2464,608,19,22,607
2465,608,19,22,608
2555,602,1,12,608
2631,604,3,21,608
2638,604,3,5,608
2901,605,26,32,609
3180,609,34,35,609
3191,607,23,27,609
3254,608,13,16,609
3322,608,19,26,610
3429,606,5,9,610
3463,602,16,26,610
3520,604,3,6,610
3547,613,3,9,611
3548,603,3,6,611
3551,604,3,9,611
3552,603,3,4,611
3574,614,3,6,611
3819,604,3,21,612
3885,604,3,9,612
3927,609,0,14,612
4015,606,14,21,612
4051,600,9,25,613
4153,611,20,26,613
4234,603,3,6,613
4241,600,27,29,613
4311,604,14,18,614
4312,607,27,33,614
4322,602,20,35,614
4331,606,5,9,614
167,618,31,35,615
262,617,21,28,615
319,626,25,35,615
388,623,9,11,615
448,623,3,26,615
457,629,19,25,616
474,628,24,28,616
585,624,18,23,616
602,619,31,34,616
643,626,11,13,617
650,616,26,35,617
659,623,3,24,617
747,620,22,26,617
935,628,9,16,617
984,623,9,16,618
985,623,9,16,618
1011,628,27,28,618
1060,624,10,14,618
1101,626,11,21,619
1165,628,24,31,619
1179,617,20,27,619
1206,623,9,11,619
1212,626,25,26,620
1391,622,8,20,620
1624,616,5,21,620
1639,623,3,6,620
1674,625,3,4,620
1787,619,31,34,621
1812,624,16,18,621
1825,616,27,28,621
1859,623,3,27,621
1860,622,8,25,622
1909,623,3,7,622
1913,621,14,18,622
1919,621,13,18,622
1922,619,6,26,622
1936,620,13,21,623
1950,620,13,18,623
1967,619,6,26,623
2065,625,4,19,623
2078,623,3,5,624
2195,622,1,24,624
2220,625,33,35,624
2274,628,6,24,624
2275,628,6,24,625
2493,622,2,19,625
2508,615,33,35,625
2516,626,25,34,625
2814,629,16,27,625
3107,626,25,30,626
3164,626,5,33,626
3241,616,26,35,626
3277,620,30,32,626
3297,623,27,32,627
3299,618,31,35,627
3339,622,8,13,627
3410,616,32,35,627
3424,620,30,33,627
3474,629,18,21,628
3593,622,2,9,628
3812,623,3,5,628
4114,619,6,8,628
4116,628,27,32,629
4119,623,9,12,629
4120,623,9,12,629
4163,617,5,15,629
32,638,32,35,630
80,630,7,21,630
183,643,20,25,630
207,631,11,13,630
267,636,22,35,631
310,633,16,18,631
420,634,20,28,631
422,636,11,16,631
427,630,19,31,632
481,640,31,34,632
491,636,22,26,632
522,636,28,32,632
590,638,5,18,633
648,639,31,35,633
658,643,25,28,633
665,634,20,23,633
668,633,20,30,634
767,642,20,22,634
778,638,7,11,634
812,634,2,6,635
813,634,2,6,635
880,635,3,4,635
964,642,17,23,635
1177,643,21,23,636
1243,643,20,26,636
1244,643,20,26,636
1265,635,3,9,636
1365,636,11,14,637
1372,642,30,35,637
1439,631,0,5,637
1500,631,0,4,637
1727,630,0,3,638
1791,633,20,29,638
1900,632,8,10,638
1907,634,21,26,638
1923,644,18,23,639
1965,636,22,26,639
2203,636,22,26,639
2233,636,11,21,640
2284,636,22,26,640
2285,636,22,26,640
2577,630,14,22,640
2596,641,31,33,641
2651,644,18,25,641
2689,631,11,14,641
3034,639,6,21,641
3220,643,20,21,642
3221,643,20,21,642
3296,634,20,33,642
3337,631,25,29,642
3385,631,0,11,643
3671,635,3,4,643
3673,631,0,9,643
4080,634,21,24,643
4132,639,14,19,644
4139,635,26,35,644
4140,638,5,18,644
96,653,16,22,645
127,655,17,23,645
209,659,10,35,645
353,652,5,9,645
354,652,5,9,646
381,648,9,10,646
415,649,23,25,646
504,648,27,28,646
543,651,19,27,647
559,648,12,25,647
568,659,9,16,647
569,659,9,16,648
670,650,4,8,648
934,659,10,26,648
1017,657,8,15,648
1091,652,5,19,649
1120,656,9,13,649
1162,652,25,32,649
1216,648,27,32,649
1248,652,5,24,650
1291,648,27,32,650
1374,655,20,26,650
1424,649,3,33,651
1612,652,5,9,651
1630,645,0,1,651
1686,649,3,6,651
1762,657,8,11,652
1854,654,15,17,652
1942,651,19,21,652
2140,658,16,20,652
2147,652,25,27,653
2148,652,25,27,653
2210,648,2,22,653
2222,649,23,28,654
2279,645,19,25,654
2310,651,8,12,654
2534,659,9,20,654
2645,650,4,16,655
2702,659,27,32,655
2898,658,8,9,655
3013,650,19,20,655
3014,650,19,24,656
3130,649,3,4,656
3165,645,0,6,656
3232,649,3,7,657
3233,649,3,7,657
3602,649,3,9,657
3887,649,3,9,657
3964,654,6,21,658
3969,656,7,18,658
4085,651,24,25,658
4154,659,9,19,658
4162,659,27,35,659
4247,659,10,13,659
4310,656,27,32,659
79,662,17,19,660
120,669,5,8,660
247,663,24,35,660
248,666,17,18,661
249,666,17,18,661
264,667,3,5,661
328,668,23,28,662
329,668,23,28,662
384,663,12,19,663
604,672,27,32,663
847,668,23,27,663
1131,667,3,32,664
1132,665,2,14,664
1187,668,16,25,665
1209,672,6,12,665
1270,673,6,26,665
1658,664,13,22,666
1659,664,13,16,666
1776,672,6,14,666
1778,663,21,27,667
1781,662,20,22,667
2414,669,32,35,668
2498,667,11,14,668
2531,669,32,35,668
2571,666,17,31,669
2648,674,30,35,669
2663,662,11,14,670
2738,667,3,6,670
2912,666,22,26,670
3190,672,18,35,671
3293,673,31,34,671
3348,663,12,18,671
3677,661,0,9,672
3777,662,0,9,672
3856,662,0,12,673
3860,663,12,15,673
4054,672,6,25,673
4086,673,31,35,674
4316,662,0,4,674
9,682,24,28,675
105,675,7,21,675
235,675,7,9,675
285,676,8,16,676
378,682,12,21,676
453,682,2,6,677
524,677,22,27,677
525,677,22,27,678
729,688,6,21,678
954,685,25,28,679
1050,688,7,26,679
1071,679,0,4,680
1328,688,6,21,680
1903,685,11,14,681
2157,684,3,9,681
2439,687,26,32,682
2669,688,6,21,682
2919,675,7,14,683
3113,682,12,14,683
3119,687,18,29,684
3218,677,22,26,684
3291,677,22,35,685
3327,684,22,28,685
3549,680,0,11,686
3634,687,32,35,686
3773,679,0,3,687
3918,684,3,9,687
3972,684,3,5,688
4063,678,9,22,688
4144,676,21,27,689
4222,680,11,16,689
77,700,3,11,690
250,698,14,18,690
398,703,5,11,690
508,693,10,14,691
1046,693,9,17,691
1099,700,3,9,692
1100,700,3,9,692
1125,699,14,15,693
1126,699,15,19,693
1504,696,21,27,694
1619,702,23,33,694
2018,702,23,29,695
2253,698,2,13,695
2354,696,20,26,696
2432,691,8,21,696
2433,691,8,21,697
2528,691,8,19,697
2642,695,0,18,698
2981,690,7,8,698
3046,696,0,29,699
3393,698,22,27,699
3395,698,1,16,700
3618,696,0,6,700
3850,696,0,5,701
3951,703,5,9,701
4006,693,19,22,702
4044,693,10,14,702
4219,693,19,35,703
4235,697,20,26,703
4253,696,0,11,704
4278,691,8,19,704
134,711,9,12,705
263,716,1,6,705
511,716,1,19,705
516,717,1,6,705
711,709,8,25,706
755,719,3,12,706
856,711,20,27,706
937,712,27,29,707
940,708,7,14,707
941,712,27,29,707
959,705,6,22,708
1001,705,31,35,708
1169,717,13,16,708
1238,716,1,5,709
1245,719,3,26,709
1310,706,31,35,709
1376,708,7,11,710
1432,713,0,6,710
1529,719,3,9,710
1606,713,0,9,710
1663,719,3,26,711
1784,713,25,35,711
1810,717,1,6,711
1837,716,1,19,712
1886,711,9,10,712
1935,716,1,7,712
2013,719,3,7,713
2014,719,3,7,713
2294,708,30,34,713
2301,711,21,23,714
2320,709,8,16,714
2335,713,0,5,714
2505,710,20,23,715
2557,711,9,14,715
2659,713,22,26,715
2717,713,22,25,715
2970,711,9,25,716
2982,709,8,16,716
3539,713,0,9,716
3601,713,34,35,717
3665,719,3,23,717
3678,713,0,9,717
3955,705,6,19,718
3970,713,22,23,718
4095,712,22,28,718
4138,711,9,25,719
4309,708,19,22,719
4343,719,3,4,719
87,727,8,13,720
89,729,27,34,720
126,729,3,4,720
169,729,28,32,720
197,728,28,32,721
290,726,19,25,721
291,726,19,25,721
375,729,9,18,722
456,727,1,28,722
459,723,0,19,722
513,727,8,16,723
558,732,32,35,723
563,729,3,4,723
612,722,11,15,723
613,733,12,16,724
688,726,7,12,724
692,728,2,8,724
700,721,4,25,725
795,725,7,15,725
967,729,27,35,725
1186,723,17,19,726
1276,729,3,8,726
1367,729,3,8,726
1482,723,0,6,727
1627,729,3,5,727
1628,729,3,5,727
1719,729,9,18,727
1764,728,1,9,728
1865,731,22,26,728
1940,727,1,28,728
1959,722,4,5,729
1975,727,1,6,729
2186,728,1,6,729
2575,724,31,32,730
2679,725,18,22,730
3086,728,1,13,730
3423,727,8,24,731
3433,733,12,16,731
3515,724,6,20,731
3635,723,0,8,731
3658,729,3,6,732
3769,729,3,6,732
3782,734,0,23,732
3868,722,5,9,733
3901,730,3,4,733
4082,730,26,35,733
4279,729,9,18,734
4333,724,6,25,734
4334,724,6,25,734
13,749,16,19,735
37,743,27,32,735
158,735,13,16,735
284,737,30,35,735
289,746,21,25,736
416,743,27,28,736
490,743,12,19,736
544,738,30,35,737
548,745,6,19,737
580,749,3,19,737
646,744,31,35,738
769,745,0,21,738
898,740,11,14,738
957,747,1,6,739
1026,744,29,33,739
1078,743,27,30,739
1103,738,1,2,740
1139,739,3,6,740
1140,739,3,6,740
1392,749,27,28,740
1511,747,8,9,741
1621,749,3,5,741
1938,747,1,9,741
1969,738,16,19,742
2017,743,25,35,742
2048,744,31,34,742
2055,736,14,15,743
2321,745,18,24,743
2552,741,26,28,743
2558,748,1,2,744
2559,748,2,5,744
2562,735,0,3,744
2656,749,3,8,745
2682,744,24,25,745
2812,739,3,18,745
2881,743,12,14,745
2882,743,12,33,746
2931,735,23,26,746
3135,744,6,8,746
3182,744,6,9,747
3215,748,22,26,747
3346,736,31,34,747
3583,748,22,23,748
3740,735,0,9,748
3781,749,3,19,748
3853,739,25,27,749
4076,749,27,35,749
4087,749,3,6,749
93,761,11,21,750
123,754,6,25,750
520,757,21,25,750
1021,762,5,22,751
1045,762,5,14,751
1226,754,34,35,751
1394,757,21,35,752
1882,750,4,5,752
2011,760,3,6,752
2027,758,20,23,753
2060,764,25,28,753
2127,761,13,16,753
2372,756,11,16,754
2621,762,18,25,754
2649,754,12,20,754
2739,756,25,32,755
2740,756,25,32,755
2880,759,22,24,755
3015,754,19,22,756
3045,759,22,32,756
3058,762,18,24,756
3084,760,3,9,757
3085,760,3,9,757
3158,752,5,8,757
3311,758,1,10,758
3359,758,20,22,758
3383,762,16,21,758
3450,762,19,25,759
3452,757,20,26,759
3514,759,3,4,759
3532,759,3,7,760
3575,754,0,6,760
3576,754,0,6,760
3592,759,3,9,761
3761,755,0,6,761
3762,755,0,6,761
3763,755,0,6,762
3776,754,19,26,762
3784,754,0,9,762
3843,754,0,6,763
3873,761,4,9,763
4172,761,13,15,763
4273,759,3,14,764
4315,752,5,12,764
20,769,29,35,765
59,765,11,15,765
140,778,14,18,765
146,773,11,16,766
306,765,31,34,766
407,777,27,28,766
576,769,28,29,767
687,773,11,30,767
822,772,2,18,768
899,772,10,16,768
1076,771,9,21,768
1128,776,21,24,769
1229,765,21,25,769
1461,766,32,33,769
1654,769,7,8,770
1664,768,0,3,770
1771,768,27,29,771
1799,776,32,35,771
1815,777,27,28,771
1831,776,32,35,772
2143,765,31,35,772
2145,771,1,5,772
2177,765,15,24,773
2237,765,6,16,773
2242,777,31,35,774
2422,768,0,6,774
2786,771,9,16,774
2905,766,17,20,775
2955,778,14,18,775
2956,778,14,18,775
3022,776,5,24,776
3047,769,8,9,776
3062,778,31,35,777
3151,778,21,26,777
3195,778,0,24,777
3469,771,27,35,778
3690,768,0,2,778
3713,768,0,6,778
3854,768,34,35,779
3876,768,0,4,779
201,788,14,28,780
811,780,8,15,780
931,791,8,22,781
1163,786,31,35,782
1182,783,10,19,782
1316,783,10,21,783
1358,792,10,16,784
1826,790,17,30,785
2132,782,27,34,785
2324,782,3,9,786
2373,794,11,24,787
2523,780,8,18,787
2838,782,27,32,788
2987,789,7,24,789
3345,787,19,26,790
3362,792,14,25,790
3869,790,0,6,791
3879,790,0,9,792
3880,790,0,9,792
4007,780,8,16,793
4121,783,4,21,794
150,798,14,21,795
205,797,32,35,795
259,805,19,35,795
324,805,19,21,795
325,805,19,21,796
390,795,25,32,796
429,806,11,17,796
609,796,16,27,797
763,803,9,18,797
764,803,9,18,797
818,796,12,18,798
819,796,12,18,798
882,797,19,26,798
1067,803,27,30,799
1150,804,19,26,799
1164,809,22,33,799
1188,798,14,25,800
1204,804,10,20,800
1274,803,9,21,800
1308,804,23,28,801
1309,804,23,28,801
1769,800,7,8,801
1889,809,22,26,802
1958,796,4,21,802
2105,807,21,25,802
2141,802,22,26,802
2169,809,25,29,803
2234,799,31,35,803
2241,804,23,26,803
2405,797,19,25,804
2756,798,23,32,804
2782,800,20,29,804
2783,800,20,29,805
2784,800,20,29,805
2913,795,11,16,805
2959,798,6,21,806
3026,802,8,27,806
3036,798,6,19,806
3196,799,21,28,807
3304,804,10,21,807
3623,795,12,20,807
3956,800,21,28,808
3985,800,18,22,808
3986,800,18,22,808
4191,806,0,22,809
4193,801,14,18,809
4249,804,10,21,809
74,817,19,25,810
75,817,19,21,810
225,820,8,19,810
460,820,21,27,811
620,813,23,27,811
826,816,6,20,811
878,822,10,19,812
913,821,10,20,812
1087,811,3,12,813
1205,821,22,29,813
1211,817,19,22,813
1533,813,5,22,814
1722,821,22,26,814
1732,813,5,22,815
1802,820,8,16,815
1906,822,22,25,815
2022,821,9,35,816
2049,813,5,21,816
2165,819,8,9,817
2179,813,5,25,817
2281,820,8,24,817
2309,814,24,29,818
2366,824,13,17,818
2509,813,32,33,819
2716,817,19,30,819
2725,817,19,22,819
2749,818,7,9,820
2750,818,7,10,820
2853,817,19,35,821
3030,819,20,25,821
3303,820,8,9,821
3323,824,23,26,822
3370,819,8,12,822
3398,816,25,28,823
3477,816,25,28,823
3737,820,21,25,823
3800,811,3,9,824
4223,811,18,28,824
107,839,22,28,825
148,829,2,6,825
208,839,14,18,825
223,839,22,25,825
348,838,8,9,826
676,839,22,33,826
684,830,3,8,826
759,834,19,25,826
774,826,13,18,827
779,829,2,16,827
928,826,13,20,827
943,827,14,26,828
1081,839,9,16,828
1189,839,9,15,828
1203,828,25,31,828
1408,828,25,30,829
1460,826,0,19,829
1492,830,3,9,830
1536,826,0,6,830
1562,825,0,6,830
1563,826,0,5,830
1571,826,0,5,831
1575,826,0,5,831
1607,839,22,28,831
1804,829,19,31,832
1838,829,2,5,832
1887,829,18,24,832
1970,834,6,18,832
2003,833,28,35,833
2131,839,22,26,833
2229,837,21,24,833
2609,834,19,32,834
2636,828,1,19,834
2845,826,0,9,834
2932,826,12,17,834
2935,825,12,23,835
2999,829,2,14,835
3132,828,25,28,835
3298,839,22,29,836
3480,827,14,26,836
3498,838,29,35,836
3536,826,0,9,836
3564,826,0,5,837
3675,826,0,9,837
3944,835,31,35,837
3982,828,1,9,838
4073,830,3,9,838
4128,832,5,18,838
4148,828,11,21,838
4149,828,25,35,839
4236,836,30,31,839
4245,826,24,26,839
28,851,17,27,840
215,852,29,32,840
479,854,19,21,840
498,844,12,19,841
510,851,4,16,841
593,845,25,32,842
682,852,5,6,842
808,844,12,19,843
981,852,32,35,843
991,851,22,32,844
1134,845,25,32,844
1172,844,12,19,845
1433,854,30,33,845
1687,844,0,4,845
1921,849,3,5,846
2108,845,11,20,846
2135,849,16,35,847
2367,852,29,35,847
2424,850,9,11,848
2451,852,32,35,848
2520,854,29,33,849
2615,849,19,35,849
3073,851,17,21,850
3120,854,16,35,850
3140,849,26,32,850
3641,844,0,9,851
3689,845,0,3,851
3895,844,0,9,852
4034,844,0,6,852
4050,841,26,32,853
4292,844,24,25,853
4293,844,24,25,854
4296,849,18,21,854
357,859,4,7,855
368,860,22,26,855
386,860,22,26,856
430,860,9,31,856
476,859,21,27,857
572,859,14,28,857
742,865,12,14,858
1111,860,22,26,858
1119,867,4,20,859
1236,860,22,26,859
1586,862,0,6,860
1676,862,0,3,860
1841,857,30,35,861
1876,855,19,28,861
1904,855,6,25,862
1928,866,3,4,863
2035,863,33,35,863
2039,855,6,8,864
2099,860,22,24,864
2250,855,19,20,865
2447,860,22,26,865
3068,868,16,25,866
3103,863,13,17,866
3394,861,26,35,867
3864,861,0,7,867
3865,861,0,7,868
4009,866,3,4,868
4010,866,3,4,869
132,874,8,18,870
240,873,7,8,870
433,875,20,26,870
517,871,6,9,871
798,873,19,20,871
989,874,8,22,872
1235,879,22,25,872
1332,872,8,12,872
1599,883,0,5,873
1600,883,0,5,873
1668,873,19,21,874
1807,873,30,35,874
2080,874,8,19,874
2181,875,21,26,875
2494,873,30,35,875
2726,873,19,20,876
2792,875,20,27,876
2884,875,16,27,876
3358,875,17,23,877
3443,877,21,28,877
3446,873,30,35,878
3525,883,0,6,878
3537,883,0,6,878
3638,883,0,20,879
3639,883,0,20,879
3724,883,0,4,880
3785,883,0,15,880
3787,883,0,9,880
3788,883,0,6,881
3802,883,0,15,881
3866,883,0,5,882
4018,873,7,14,882
4021,879,24,31,882
4133,873,19,26,883
4165,875,17,23,883
4202,873,29,33,884
4225,879,12,13,884
109,887,3,7,885
112,891,19,33,885
139,888,3,9,885
151,897,22,26,885
279,898,3,6,886
327,894,6,9,886
424,898,8,19,886
555,897,14,16,886
694,889,4,16,887
750,886,25,28,887
765,898,2,5,887
796,894,6,8,887
797,897,22,26,888
945,886,2,5,888
1213,898,3,19,888
1320,898,3,6,888
1362,894,31,34,889
1363,892,8,12,889
1453,887,3,20,889
1473,895,0,6,889
1516,888,3,6,890
1540,894,0,3,890
1638,892,0,9,890
1643,898,3,5,890
1714,892,0,19,891
1842,897,1,2,891
1885,890,27,35,891
1957,897,1,2,891
2010,890,16,17,892
2016,892,28,35,892
2062,898,3,27,892
2063,898,3,12,892
2117,890,27,32,893
2118,890,27,32,893
2264,897,30,32,893
2501,892,28,30,893
2532,891,5,16,894
2545,899,3,9,894
2546,899,3,9,894
2653,885,19,24,894
2894,892,0,3,895
3005,897,1,2,895
3051,890,18,27,895
3116,897,22,26,895
3149,897,1,5,896
3204,885,16,21,896
3356,897,1,2,896
3378,894,6,25,896
3513,892,0,2,897
3612,894,0,9,897
3664,894,0,3,897
3682,894,0,5,897
3684,898,3,9,898
3771,894,0,9,898
3846,897,1,6,898
3954,891,5,30,898
3980,897,1,11,899
4103,897,7,19,899
4150,893,29,31,899
4277,898,2,13,899
191,910,3,5,900
277,901,5,7,900
317,902,25,26,900
530,902,10,22,901
606,913,12,13,901
623,909,2,5,901
690,913,5,13,902
787,909,2,6,902
978,901,5,19,902
979,901,5,19,903
1037,902,25,32,903
1149,913,0,6,903
1622,913,0,9,904
1677,913,0,9,904
1693,913,0,24,904
1824,907,27,29,905
1849,903,11,24,905
1934,910,3,4,905
1979,901,5,7,906
2006,912,25,33,906
2467,913,12,19,906
2485,913,32,35,907
2524,910,3,23,907
2788,909,2,11,907
2824,909,2,5,908
2864,913,12,21,908
2865,913,12,21,908
2961,910,29,33,909
3067,901,10,19,909
3070,913,32,35,909
3376,913,0,4,910
3392,900,4,16,910
3411,901,32,35,910
3414,905,26,28,911
3437,901,5,9,911
3502,911,3,6,911
3510,910,3,4,912
3511,910,3,4,912
3535,910,3,13,912
3577,913,0,6,913
3676,906,0,5,913
3683,913,0,19,913
3793,905,0,6,914
3820,913,0,6,914
3977,912,17,21,914
24,925,12,23,915
493,924,16,19,915
667,918,7,34,915
770,917,30,34,916
871,921,27,35,916
1005,922,10,19,916
1138,919,8,24,917
1317,915,18,23,917
1321,924,23,25,917
1322,925,23,25,918
1344,917,20,22,918
1388,923,11,20,918
1450,920,3,5,919
1564,929,0,2,919
1595,915,6,7,919
1821,921,10,19,920
1823,928,28,29,920
1946,915,6,7,920
1978,925,12,14,921
2318,915,19,24,921
2329,917,30,35,921
2390,922,5,19,922
2567,924,16,21,922
2634,921,27,30,922
2768,922,10,19,923
2769,922,10,19,923
2773,929,17,23,923
2980,925,31,35,924
3077,916,23,35,924
3082,916,32,33,924
3174,922,5,18,925
3194,929,20,31,925
3305,927,30,35,925
3371,921,22,28,926
3526,920,3,19,926
3619,928,0,24,926
3672,915,6,16,927
3714,928,20,24,927
3930,927,14,29,928
3942,915,13,25,928
3943,915,13,25,928
4052,924,23,34,929
4089,921,22,29,929
4231,928,8,20,929
44,934,7,8,930
175,935,11,19,930
270,931,16,32,930
352,930,26,30,930
377,940,31,35,930
441,934,4,9,931
473,943,8,18,931
536,941,7,16,931
562,932,2,13,931
621,942,14,18,932
632,942,26,27,932
704,939,6,9,932
709,931,18,34,932
799,930,10,16,933
907,935,11,19,933
955,936,28,32,933
999,943,8,18,933
1006,939,21,34,934
1127,942,22,24,934
1219,939,6,25,934
1292,936,5,25,934
1382,936,32,35,935
1438,942,0,7,935
1827,935,28,32,935
1855,943,8,14,935
2068,941,30,35,936
2079,941,7,26,936
2259,942,22,26,936
2271,934,28,32,936
2305,933,3,9,937
2420,933,3,9,937
2685,943,33,35,937
2686,943,8,19,937
2796,932,17,26,938
2808,935,29,31,938
2821,939,25,27,938
2843,942,0,23,938
2875,936,19,25,939
3079,933,3,30,939
3115,934,29,35,939
3189,933,3,33,939
3246,944,1,6,940
3270,935,19,25,940
3271,935,19,30,940
3328,937,12,22,940
3357,935,19,30,941
3451,935,19,30,941
3501,932,2,21,941
3538,942,0,6,941
3540,942,0,9,942
3578,942,0,6,942
3581,942,34,35,942
3599,942,0,9,942
3611,943,0,6,943
3637,933,3,5,943
3653,942,34,35,943
3786,942,15,18,943
3803,942,17,20,944
3867,942,15,24,944
4001,931,14,16,944
4107,942,17,29,944
104,945,27,35,945
181,950,31,33,945
261,953,26,28,945
664,956,23,27,945
672,957,23,26,946
673,957,23,26,946
720,946,19,30,946
806,957,29,33,947
852,956,18,22,947
864,946,13,17,947
879,957,23,29,948
1007,951,12,25,948
1029,956,28,32,948
1489,946,3,4,948
1637,958,0,3,949
1646,958,0,9,949
1690,958,0,6,949
1894,954,7,12,950
1924,951,12,25,950
1939,945,27,35,950
2021,946,13,17,951
2113,952,14,16,951
2164,945,18,31,951
2478,947,29,31,951
2620,952,14,23,952
2647,946,23,27,952
2701,959,0,7,952
2718,946,7,9,953
2858,951,12,28,953
2859,951,12,21,953
2879,954,23,35,954
2974,946,19,22,954
3099,950,25,35,954
3156,959,10,22,954
3160,958,0,8,955
3307,946,29,33,955
3319,946,3,28,955
3320,946,3,28,956
3482,956,8,29,956
3500,958,0,9,956
3521,959,0,6,957
3674,958,0,3,957
3731,946,3,23,957
3794,946,3,12,957
3861,951,11,15,958
4043,956,16,34,958
4062,958,0,18,958
4272,950,25,27,959
4283,956,18,26,959
4353,951,12,24,959
36,962,25,29,960
157,972,5,9,960
206,961,5,6,960
260,962,16,24,960
454,962,2,6,961
617,974,27,35,961
713,969,17,27,961
773,962,11,14,962
820,963,12,25,962
903,965,15,18,962
925,966,21,24,963
1044,967,15,19,963
1074,960,12,16,963
1198,968,28,32,963
1256,970,28,30,964
1266,962,1,5,964
1289,962,11,18,964
1324,965,23,35,965
1437,968,0,6,965
1472,963,3,5,965
1506,969,28,32,966
1514,963,3,16,966
1648,965,14,18,966
1649,965,14,18,966
1652,963,3,9,967
1698,963,3,13,967
1845,962,11,13,967
1955,972,31,35,968
2000,968,16,19,968
2119,971,1,2,968
2268,974,9,18,969
2521,974,9,25,969
2527,969,6,23,969
2711,960,12,13,969
3083,969,6,21,970
3092,969,6,21,970
3134,962,11,24,970
3381,971,1,12,971
3382,971,1,12,971
3508,969,0,12,971
3590,968,0,5,972
3610,972,3,5,972
3721,972,3,4,972
3741,968,0,3,972
3799,968,0,3,973
3852,968,0,5,973
3920,968,18,21,973
4074,966,21,35,974
4106,966,33,34,974
4197,969,29,33,974
25,981,2,12,975
200,980,11,13,975
237,982,9,18,975
238,982,9,18,975
252,981,11,26,975
320,983,3,7,975
333,978,33,35,976
346,978,14,18,976
393,978,33,35,976
434,987,16,18,976
526,975,9,17,977
766,987,18,34,977
784,976,25,32,977
785,989,8,12,977
821,981,2,22,977
839,989,27,28,978
932,985,5,30,978
950,978,33,35,978
998,975,9,19,978
1054,978,6,15,978
1055,978,6,15,979
1108,981,12,21,979
1282,978,6,21,979
1337,980,7,13,979
1440,979,0,4,979
1443,978,33,35,980
1522,988,0,6,980
1523,988,0,6,980
1539,978,33,35,980
1645,984,33,34,980
1741,978,33,35,981
1772,989,29,34,981
1908,989,29,31,981
2054,976,5,9,981
2180,976,25,32,981
2194,987,31,35,982
2226,976,25,32,982
2334,975,27,29,982
2353,983,3,11,982
2393,989,25,32,982
2398,976,20,26,983
2399,976,20,26,983
2468,975,9,12,983
2526,975,9,16,983
2594,981,2,15,983
2658,989,17,21,984
2662,987,16,18,984
2990,982,9,16,984
3000,976,20,23,984
3035,982,9,18,984
3169,982,23,29,985
3214,975,9,16,985
3226,978,0,6,985
3227,978,0,6,985
3228,978,0,6,985
3384,983,27,35,986
3418,981,2,23,986
3439,977,10,25,986
3440,977,10,26,986
3512,978,0,6,986
3625,976,20,23,987
3657,983,3,6,987
3712,983,3,24,987
3755,978,33,35,987
3795,983,3,9,987
3810,987,18,20,988
3814,982,9,14,988
3821,988,0,18,988
3837,978,0,6,988
3848,975,9,14,988
3902,975,9,17,989
4024,987,26,27,989
4117,983,9,19,989
4344,986,25,27,989
4346,981,11,12,989
21,1004,24,26,990
231,999,11,25,990
269,997,4,7,990
458,996,5,21,990
547,996,0,6,990
557,1004,12,19,990
758,1003,23,33,991
803,994,4,20,991
863,996,20,22,991
891,1003,23,28,991
911,999,11,12,991
977,1000,2,26,992
988,1001,12,13,992
1003,994,14,16,992
1093,1001,12,26,992
1148,990,2,19,992
1156,996,20,29,992
1166,996,10,11,993
1224,992,9,18,993
1329,992,9,13,993
1346,1004,21,29,993
1347,1004,21,29,993
1348,1004,21,29,994
1403,1001,2,3,994
1422,1000,3,5,994
1427,990,33,35,994
1435,992,9,13,994
1436,992,9,13,995
1548,1002,19,25,995
1614,992,3,9,995
1631,1002,7,9,995
1720,992,9,17,995
1756,992,9,16,995
1792,992,28,29,996
1830,992,29,31,996
1891,996,16,19,996
1898,990,28,30,996
1915,1002,30,34,996
1945,992,28,29,997
1952,990,28,30,997
2020,997,21,33,997
2034,1000,3,5,997
2077,1002,3,9,997
2095,1002,7,22,997
2355,995,20,26,998
2395,998,0,2,998
2459,1002,3,6,998
2518,998,22,27,998
2650,1004,8,14,998
2655,993,19,31,999
2748,999,25,32,999
2900,1001,12,19,999
2908,993,19,31,999
2942,1001,16,29,999
3024,1002,19,26,1000
3154,990,33,35,1000
3200,1004,8,31,1000
3239,991,16,18,1000
3245,992,3,7,1000
3251,1001,16,19,1000
3288,1000,1,4,1001
3300,992,9,25,1001
3360,993,13,18,1001
3404,1003,14,18,1001
3415,1001,18,31,1001
3615,992,3,15,1002
3697,1003,14,25,1002
3698,1003,14,25,1002
3775,998,0,6,1002
3792,1001,12,21,1002
3857,990,33,35,1002
3858,990,33,35,1003
3919,1002,30,33,1003
3978,1001,24,35,1003
4000,994,33,35,1003
4041,993,9,24,1003
4078,1004,8,14,1004
4081,998,11,12,1004
4238,992,3,23,1004
4328,996,26,35,1004
4339,992,3,5,1004
23,1005,27,30,1005
64,1014,25,31,1005
168,1009,6,14,1005
174,1007,34,35,1005
202,1014,9,16,1005
203,1014,9,16,1005
297,1015,12,14,1005
360,1008,26,34,1006
366,1014,9,16,1006
477,1013,11,18,1006
478,1013,11,18,1006
492,1005,9,19,1006
523,1016,18,20,1006
588,1014,25,30,1006
831,1013,5,13,1007
851,1016,21,26,1007
855,1015,12,25,1007
927,1011,27,30,1007
962,1014,29,31,1007
1056,1014,27,35,1007
1304,1014,9,19,1008
1353,1011,19,26,1008
1355,1014,9,21,1008
1396,1005,0,11,1008
1434,1018,14,20,1008
1449,1018,8,12,1008
1479,1005,9,12,1008
1557,1007,0,7,1009
1565,1005,0,5,1009
1596,1011,27,28,1009
1613,1006,25,27,1009
1635,1017,0,2,1009
1636,1018,0,4,1009
1640,1005,9,25,1010
1689,1018,8,16,1010
1856,1014,5,8,1010
1890,1018,22,26,1010
1901,1014,20,22,1010
1916,1013,8,28,1010
1962,1019,8,25,1010
1988,1018,22,26,1011
2261,1014,25,28,1011
2262,1014,25,28,1011
2263,1014,25,28,1011
2302,1010,6,14,1011
2308,1018,0,6,1011
2349,1010,18,23,1011
2379,1006,32,35,1012
2384,1017,0,5,1012
2480,1013,8,19,1012
2482,1018,0,25,1012
2584,1005,9,12,1012
2622,1013,11,23,1012
2623,1013,11,23,1013
2624,1013,11,18,1013
2809,1015,12,18,1013
2829,1014,18,20,1013
2887,1019,9,21,1013
2888,1019,9,21,1013
2923,1012,12,13,1013
3080,1008,26,35,1014
3121,1018,0,26,1014
3123,1005,0,9,1014
3249,1015,12,19,1014
3253,1006,0,9,1014
3294,1017,30,32,1014
3301,1005,0,3,1015
3325,1016,7,16,1015
3349,1015,12,16,1015
3447,1005,9,25,1015
3516,1018,34,35,1015
3542,1019,0,9,1015
3553,1005,0,9,1015
3554,1005,0,9,1016
3628,1015,12,18,1016
3702,1010,3,20,1016
3790,1019,0,1,1016
3791,1019,0,9,1016
3798,1011,7,11,1016
3807,1015,12,16,1016
3863,1018,8,11,1017
3875,1011,7,14,1017
3881,1015,12,16,1017
3882,1015,12,14,1017
3905,1019,0,9,1017
3913,1005,0,6,1017
3922,1015,12,21,1018
3984,1018,0,25,1018
4022,1013,8,9,1018
4032,1012,4,22,1018
4033,1012,4,22,1018
4048,1011,19,20,1018
4061,1008,13,15,1018
4068,1014,27,35,1019
4151,1006,5,8,1019
4208,1018,28,35,1019
4251,1019,8,14,1019
4262,1005,9,14,1019
4289,1015,12,17,1019
57,1022,5,8,1020
58,1031,8,25,1020
164,1021,1,27,1020
286,1031,12,14,1020
395,1025,12,16,1020
401,1022,11,16,1020
405,1023,25,30,1021
455,1029,25,30,1021
484,1025,12,27,1021
550,1031,27,28,1021
666,1023,23,25,1021
744,1028,19,33,1022
751,1028,19,26,1022
828,1034,22,33,1022
843,1023,3,9,1022
896,1023,13,16,1022
1034,1033,21,26,1023
1047,1033,9,14,1023
1072,1024,4,21,1023
1098,1022,11,16,1023
1107,1027,25,28,1023
1184,1028,31,33,1024
1192,1028,19,22,1024
1294,1021,9,25,1024
1406,1028,6,14,1024
1501,1028,31,35,1024
1519,1032,20,27,1025
1660,1026,12,13,1025
1665,1031,12,14,1025
1773,1031,27,28,1025
1840,1026,24,35,1025
1893,1027,19,25,1026
1947,1023,3,6,1026
2133,1028,14,16,1026
2175,1022,2,5,1026
2332,1024,33,35,1026
2378,1023,3,7,1027
2517,1025,10,17,1027
2550,1031,21,27,1027
2583,1033,9,14,1027
2722,1032,21,26,1027
2723,1032,21,26,1027
2724,1032,21,26,1028
2745,1033,17,35,1028
2778,1025,24,28,1028
2794,1023,3,8,1028
2811,1028,31,35,1028
2892,1030,7,9,1029
2949,1021,1,35,1029
3029,1029,11,16,1029
3039,1028,6,26,1029
3076,1025,12,25,1029
3090,1029,15,16,1030
3091,1029,15,16,1030
3097,1022,3,5,1030
3114,1025,12,14,1030
3197,1025,24,27,1030
3198,1025,24,27,1031
3199,1025,12,19,1031
3229,1021,9,14,1031
3445,1023,3,5,1031
3464,1027,13,16,1031
3465,1027,13,16,1032
3650,1022,3,6,1032
3757,1029,11,16,1032
3758,1029,11,16,1032
3828,1025,5,18,1032
3871,1031,21,27,1033
3897,1028,14,16,1033
3898,1028,14,16,1033
3899,1028,14,16,1033
3909,1025,10,24,1033
4027,1022,11,22,1034
4066,1032,29,30,1034
4115,1033,27,34,1034
4167,1025,12,18,1034
4256,1034,14,15,1034
50,1047,0,3,1035
51,1048,0,3,1035
82,1037,19,22,1035
124,1037,19,26,1035
196,1046,6,21,1035
343,1046,14,15,1035
373,1038,10,18,1036
402,1044,25,34,1036
519,1049,27,29,1036
619,1038,19,22,1036
685,1042,4,8,1036
701,1044,25,32,1036
717,1041,20,33,1037
786,1043,12,16,1037
890,1047,0,8,1037
1058,1049,8,19,1037
1059,1049,8,19,1037
1068,1049,8,19,1037
1073,1037,19,26,1038
1123,1039,2,6,1038
1147,1044,25,27,1038
1262,1036,0,2,1038
1368,1042,4,8,1038
1426,1047,14,25,1038
1487,1048,0,6,1039
1510,1047,0,9,1039
1602,1035,0,8,1039
1629,1035,0,23,1039
1759,1035,0,9,1039
1796,1040,17,23,1039
1973,1046,31,34,1040
1993,1049,18,21,1040
2023,1038,13,17,1040
2044,1046,0,1,1040
2198,1039,2,21,1040
2199,1039,2,21,1040
2200,1039,2,21,1041
2219,1039,2,6,1041
2295,1038,1,6,1041
2296,1038,1,6,1041
2300,1046,6,8,1041
2338,1044,25,28,1041
2339,1044,25,28,1042
2403,1044,5,21,1042
2589,1047,30,32,1042
2599,1042,21,29,1042
2758,1038,1,6,1042
2759,1039,2,5,1042
2849,1046,6,10,1043
2991,1047,0,4,1043
2993,1044,25,32,1043
2994,1044,25,32,1043
3104,1047,7,20,1043
3207,1038,1,5,1043
3340,1038,10,13,1044
3499,1046,0,9,1044
3518,1039,1,23,1044
3528,1035,0,24,1044
3555,1046,0,24,1044
3569,1047,0,6,1044
3571,1049,0,3,1045
3587,1046,34,35,1045
3591,1046,34,35,1045
3597,1035,0,9,1045
3608,1046,0,9,1045
3636,1046,0,9,1046
3642,1035,0,9,1046
3651,1046,0,2,1046
3656,1048,0,2,1046
3681,1048,0,4,1046
3770,1035,0,3,1046
3772,1048,0,3,1047
3823,1046,0,9,1047
3824,1046,0,9,1047
3839,1041,3,4,1047
3906,1035,0,18,1047
3910,1046,0,26,1047
3911,1046,0,3,1048
3923,1038,10,24,1048
4030,1049,8,9,1048
4031,1049,8,12,1048
4110,1046,31,32,1048
4177,1049,23,33,1048
4239,1045,22,26,1049
4267,1038,10,21,1049
4294,1042,21,27,1049
4320,1047,31,35,1049
4327,1043,21,29,1049
4347,1039,19,26,1049
0,1054,16,21,1050
73,1058,6,22,1050
114,1063,14,22,1050
257,1060,7,18,1050
276,1061,4,19,1050
281,1063,14,22,1050
316,1057,5,18,1050
331,1063,14,27,1050
342,1051,1,14,1051
372,1051,17,35,1051
374,1058,21,26,1051
494,1053,3,6,1051
538,1051,9,18,1051
571,1058,6,10,1051
584,1058,25,31,1051
592,1058,6,14,1052
614,1064,0,19,1052
718,1051,17,27,1052
866,1063,14,19,1052
956,1059,6,18,1052
969,1055,4,22,1052
1012,1051,1,6,1052
1027,1060,29,33,1053
1053,1059,31,34,1053
1085,1051,2,5,1053
1174,1061,28,29,1053
1208,1058,11,23,1053
1369,1053,10,16,1053
1417,1053,3,12,1053
1431,1053,3,31,1053
1448,1061,12,22,1054
1451,1053,3,5,1054
1509,1053,3,4,1054
1570,1060,3,9,1054
1581,1063,9,19,1054
1605,1061,12,18,1054
1644,1064,0,3,1054
1672,1064,0,4,1055
1678,1060,3,5,1055
1703,1063,9,18,1055
1737,1061,12,21,1055
1752,1060,3,9,1055
1760,1060,3,10,1055
1779,1055,19,27,1055
1813,1061,6,9,1056
1888,1053,3,9,1056
1911,1061,4,7,1056
1951,1057,1,5,1056
1964,1053,3,5,1056
1996,1064,0,6,1056
2025,1060,7,16,1056
2053,1054,10,18,1056
2087,1062,13,21,1057
2114,1063,14,22,1057
2136,1058,11,14,1057
2151,1054,34,35,1057
2196,1060,7,20,1057
2455,1058,25,30,1057
2625,1061,30,34,1057
2629,1064,15,21,1058
2630,1064,15,21,1058
2643,1064,0,26,1058
2660,1061,22,26,1058
2763,1053,3,7,1058
2764,1053,3,7,1058
2765,1053,3,7,1058
2828,1061,8,16,1059
2873,1053,11,14,1059
2952,1053,3,6,1059
3019,1055,19,21,1059
3055,1064,0,6,1059
3136,1063,9,20,1059
3334,1053,3,9,1059
3342,1053,3,6,1059
3351,1059,3,19,1060
3352,1059,3,19,1060
3380,1063,9,21,1060
3402,1064,5,8,1060
3491,1059,30,31,1060
3509,1053,3,4,1060
3543,1053,3,28,1060
3556,1060,3,23,1061
3557,1060,3,23,1061
3567,1064,0,4,1061
3568,1064,0,9,1061
3570,1064,0,9,1061
3594,1064,0,2,1061
3606,1064,0,4,1061
3613,1064,0,2,1062
3616,1064,0,8,1062
3617,1064,0,8,1062
3622,1064,0,9,1062
3688,1053,3,6,1062
3692,1054,10,21,1062
3780,1063,9,15,1062
3796,1060,3,6,1062
3836,1064,0,3,1063
3840,1064,0,3,1063
3855,1060,3,9,1063
3859,1064,0,4,1063
3900,1061,4,19,1063
3991,1051,2,24,1063
4029,1051,2,28,1063
4093,1057,5,23,1064
4111,1060,28,32,1064
4122,1060,7,18,1064
4135,1063,9,15,1064
4182,1053,6,9,1064
4276,1053,30,35,1064
4284,1061,12,18,1064
14,1079,16,19,1065
49,1073,12,14,1065
130,1073,12,22,1065
172,1076,20,28,1065
211,1079,20,21,1065
212,1079,20,21,1065
359,1072,5,6,1066
363,1072,5,9,1066
450,1071,9,15,1066
677,1065,31,35,1066
683,1069,33,35,1066
792,1068,1,9,1066
874,1071,16,28,1067
875,1071,16,28,1067
904,1069,3,21,1067
905,1069,3,21,1067
952,1069,3,5,1067
953,1071,11,19,1068
982,1079,2,5,1068
996,1078,20,31,1068
1018,1074,0,18,1068
1019,1069,3,21,1068
1070,1071,9,14,1068
1109,1071,9,13,1069
1178,1073,6,25,1069
1530,1072,4,22,1069
1544,1075,0,6,1069
1559,1067,10,18,1069
1560,1069,3,4,1070
1604,1069,3,6,1070
1617,1073,24,26,1070
1653,1074,0,6,1070
1710,1074,0,6,1070
1711,1074,0,6,1070
1745,1074,0,9,1071
1750,1065,0,4,1071
1819,1075,13,16,1071
1861,1071,33,34,1071
1926,1078,31,33,1071
1982,1074,0,5,1071
2009,1072,5,32,1072
2052,1076,0,3,1072
2058,1074,29,33,1072
2101,1072,5,8,1072
2102,1072,5,8,1072
2134,1075,14,20,1073
2146,1079,11,21,1073
2303,1069,2,3,1073
2401,1075,0,4,1073
2456,1071,26,34,1073
2585,1072,5,22,1073
2683,1075,30,32,1074
2837,1071,16,19,1074
2904,1074,31,35,1074
3011,1074,6,21,1074
3087,1067,1,13,1074
3162,1069,3,9,1075
3163,1069,3,9,1075
3268,1079,25,27,1075
3269,1071,9,25,1075
3316,1071,9,11,1075
3368,1071,9,16,1075
3517,1075,0,1,1076
3519,1074,0,21,1076
3523,1069,3,6,1076
3527,1075,0,8,1076
3541,1074,0,21,1076
3559,1075,0,3,1076
3560,1075,0,10,1077
3598,1074,0,7,1077
3603,1074,0,6,1077
3604,1074,0,9,1077
3621,1074,0,7,1077
3632,1075,0,1,1078
3652,1072,5,9,1078
3701,1069,3,4,1078
3834,1075,0,6,1078
3838,1075,0,6,1078
4002,1070,25,28,1078
4152,1069,3,21,1079
4282,1075,7,10,1079
4291,1078,9,19,1079
4319,1073,6,32,1079
4348,1069,2,5,1079
38,1081,22,27,1080
40,1085,16,21,1080
46,1080,3,9,1080
53,1093,16,19,1080
94,1089,7,18,1080
122,1080,14,21,1080
160,1093,9,18,1080
234,1093,27,35,1081
242,1093,21,33,1081
243,1093,21,33,1081
244,1093,21,33,1081
365,1090,14,18,1081
482,1090,21,29,1081
497,1091,14,25,1081
503,1089,13,16,1082
521,1090,21,25,1082
561,1083,14,19,1082
582,1083,23,27,1082
645,1089,11,14,1082
678,1090,21,23,1082
696,1089,30,35,1083
714,1094,18,27,1083
752,1090,7,25,1083
753,1090,7,10,1083
923,1088,12,16,1083
924,1088,12,16,1083
995,1086,6,23,1083
1110,1083,32,35,1084
1121,1085,18,35,1084
1122,1085,18,35,1084
1194,1093,27,32,1084
1345,1090,20,33,1084
1413,1093,9,15,1084
1546,1094,3,5,1085
1724,1080,3,9,1085
1753,1090,0,5,1085
1918,1089,25,27,1085
2041,1093,22,35,1085
2082,1089,7,28,1085
2104,1090,14,18,1085
2163,1081,14,19,1086
2201,1086,24,28,1086
2202,1086,24,28,1086
2204,1090,18,24,1086
2292,1083,32,35,1086
2313,1083,13,23,1086
2358,1082,10,16,1087
2435,1089,13,19,1087
2510,1089,7,16,1087
2563,1089,11,15,1087
2598,1093,27,35,1087
2611,1093,20,35,1087
2612,1093,20,35,1087
2613,1085,18,26,1088
2751,1080,3,9,1088
2761,1093,1,19,1088
2789,1090,7,18,1088
2798,1093,14,15,1088
2844,1085,16,21,1088
2886,1089,7,19,1089
2893,1092,19,27,1089
2897,1087,24,35,1089
2964,1091,8,18,1089
2967,1093,9,18,1089
2972,1086,6,21,1089
3040,1093,22,27,1089
3108,1086,6,22,1090
3117,1082,10,16,1090
3138,1086,19,25,1090
3142,1090,7,12,1090
3247,1093,9,26,1090
3290,1094,3,5,1090
3310,1082,10,18,1091
3377,1093,1,4,1091
3431,1093,9,14,1091
3435,1092,19,20,1091
3436,1092,19,20,1091
3478,1085,18,30,1091
3524,1090,0,9,1091
3607,1090,0,23,1092
3629,1080,3,9,1092
3640,1080,12,21,1092
3729,1088,12,20,1092
3750,1087,12,15,1092
3764,1090,0,6,1092
3765,1090,0,6,1093
3804,1094,3,21,1093
3827,1090,0,16,1093
3893,1093,9,26,1093
3903,1093,1,10,1093
3995,1088,12,18,1093
4047,1081,15,21,1093
4109,1093,1,3,1094
4176,1093,27,35,1094
4203,1089,25,30,1094
4210,1080,32,33,1094
4224,1093,9,18,1094
4314,1086,19,33,1094
11,1103,12,20,1095
33,1104,20,28,1095
34,1105,20,28,1095
65,1100,19,25,1095
76,1098,28,29,1095
81,1105,20,25,1095
103,1106,12,23,1095
180,1102,7,18,1096
198,1099,30,33,1096
214,1101,6,19,1096
239,1101,31,34,1096
418,1105,9,25,1096
419,1105,9,25,1096
447,1097,7,11,1096
539,1100,31,33,1097
573,1108,22,30,1097
574,1103,11,18,1097
656,1103,25,30,1097
691,1098,5,29,1097
746,1098,28,31,1097
823,1098,13,14,1097
901,1104,21,27,1098
922,1107,13,19,1098
965,1098,29,33,1098
992,1099,10,24,1098
1052,1098,26,28,1098
1075,1107,13,20,1098
1171,1098,26,29,1098
1173,1105,12,25,1099
1214,1105,12,21,1099
1288,1105,20,26,1099
1319,1109,10,15,1099
1425,1098,10,21,1099
1455,1105,24,28,1099
1524,1100,19,22,1099
1647,1103,24,28,1100
1708,1107,0,6,1100
1709,1107,0,6,1100
1747,1106,0,6,1100
1748,1106,0,9,1100
1806,1097,28,32,1100
1883,1098,23,30,1100
1892,1098,23,26,1101
1902,1102,23,30,1101
1910,1101,6,19,1101
1937,1098,7,11,1101
1954,1105,27,35,1101
2008,1100,6,10,1101
2019,1095,21,28,1101
2032,1105,12,25,1102
2103,1109,23,25,1102
2124,1101,19,26,1102
2125,1109,13,16,1102
2139,1103,24,30,1102
2258,1097,28,32,1102
2297,1105,9,19,1103
2350,1101,6,16,1103
2351,1101,6,16,1103
2364,1104,21,31,1103
2473,1101,31,33,1103
2537,1105,20,26,1103
2573,1101,31,34,1103
2627,1103,8,9,1104
2668,1108,14,20,1104
2712,1102,23,27,1104
2728,1098,5,8,1104
2755,1098,23,32,1104
2762,1103,29,35,1104
2775,1101,19,22,1104
2810,1105,25,32,1105
2826,1096,4,8,1105
2872,1109,23,30,1105
2907,1097,14,15,1105
2926,1107,0,9,1105
2936,1107,13,32,1105
2986,1098,10,11,1105
3133,1104,9,13,1106
3166,1098,5,9,1106
3292,1098,5,8,1106
3315,1100,6,12,1106
3366,1097,28,32,1106
3386,1096,4,22,1106
3430,1103,11,22,1106
3484,1108,14,17,1107
3645,1105,12,19,1107
3654,1105,9,18,1107
3655,1105,9,18,1107
3679,1107,0,35,1107
3680,1108,0,9,1107
3728,1107,0,9,1107
3744,1107,0,24,1108
3808,1105,12,25,1108
3826,1107,0,6,1108
3938,1108,0,9,1108
3963,1103,25,33,1108
3965,1101,31,35,1108
4004,1103,25,28,1108
4020,1100,6,16,1109
4079,1096,15,16,1109
4190,1101,6,11,1109
4240,1105,21,27,1109
4288,1105,15,21,1109
4335,1108,14,21,1109
42,1118,19,27,1110
86,1118,23,29,1110
90,1115,25,28,1110
92,1118,6,25,1110
98,1113,28,35,1110
100,1123,9,13,1110
141,1123,9,16,1110
142,1123,9,16,1110
179,1114,27,32,1110
313,1113,7,9,1110
392,1111,28,32,1111
432,1110,1,3,1111
505,1113,3,4,1111
514,1121,8,14,1111
541,1111,10,16,1111
566,1121,8,16,1111
579,1118,6,16,1111
624,1110,27,28,1111
641,1117,13,21,1111
655,1118,6,16,1112
669,1117,19,32,1112
740,1123,9,19,1112
789,1115,12,18,1112
827,1119,26,29,1112
873,1119,7,19,1112
972,1123,27,31,1112
1022,1119,0,3,1112
1028,1120,7,22,1112
1035,1123,27,34,1112
1104,1124,2,7,1113
1115,1118,6,9,1113
1116,1119,6,9,1113
1135,1123,9,20,1113
1155,1116,12,18,1113
1181,1123,9,19,1113
1201,1112,25,30,1113
1232,1116,29,31,1113
1233,1116,5,19,1113
1286,1123,2,14,1114
1325,1111,1,25,1114
1410,1112,25,27,1114
1412,1120,0,6,1114
1418,1116,5,19,1114
1531,1112,11,22,1114
1538,1118,23,29,1114
1597,1123,2,13,1114
1641,1123,2,21,1114
1655,1113,17,27,1115
1740,1110,27,28,1115
1744,1119,0,4,1115
1767,1113,12,16,1115
1789,1121,16,22,1115
1834,1117,13,21,1115
1878,1121,16,22,1115
1930,1110,27,31,1115
1968,1115,11,15,1115
2012,1111,18,21,1115
2071,1114,17,21,1116
2072,1114,17,21,1116
2089,1113,3,9,1116
2096,1119,7,19,1116
2097,1120,7,20,1116
2111,1120,0,22,1116
2129,1118,19,26,1116
2130,1123,9,14,1116
2142,1113,3,5,1116
2217,1111,1,4,1117
2232,1123,9,16,1117
2247,1114,21,31,1117
2361,1113,3,5,1117
2362,1113,3,5,1117
2368,1121,18,24,1117
2376,1110,27,29,1117
2377,1110,27,31,1117
2388,1111,2,5,1117
2394,1123,1,9,1117
2396,1120,0,2,1118
2397,1120,0,2,1118
2404,1119,26,29,1118
2411,1121,8,16,1118
2427,1118,23,26,1118
2452,1110,1,16,1118
2457,1117,29,32,1118
2492,1118,31,34,1118
2496,1111,29,33,1118
2497,1111,29,35,1119
2539,1118,6,20,1119
2695,1118,6,14,1119
2707,1114,21,24,1119
2730,1123,1,6,1119
2817,1113,3,6,1119
2835,1118,6,16,1119
2937,1110,1,7,1119
2939,1120,31,32,1119
2940,1120,31,32,1120
3043,1113,22,26,1120
3052,1123,1,5,1120
3078,1111,2,6,1120
3153,1119,0,6,1120
3168,1123,9,17,1120
3313,1123,9,16,1120
3314,1123,9,16,1120
3388,1113,3,6,1120
3470,1123,9,13,1120
3490,1115,25,31,1121
3506,1120,0,4,1121
3529,1120,0,4,1121
3533,1120,0,2,1121
3550,1113,3,9,1121
3561,1120,0,4,1121
3562,1120,0,4,1121
3595,1113,3,5,1121
3699,1115,12,19,1121
3717,1114,15,22,1122
3742,1123,2,13,1122
3766,1121,18,20,1122
3783,1120,0,3,1122
3815,1120,0,3,1122
3816,1119,0,5,1122
3818,1113,17,23,1122
3841,1124,15,21,1122
3842,1113,24,25,1122
3851,1120,0,4,1122
3933,1124,15,21,1123
3934,1113,22,26,1123
3949,1115,24,35,1123
3967,1116,24,30,1123
3968,1119,32,33,1123
3974,1113,3,4,1123
4013,1118,6,17,1123
4067,1110,27,31,1123
4070,1116,5,13,1123
4142,1119,32,35,1124
4192,1116,5,6,1124
4199,1114,15,19,1124
4205,1113,24,27,1124
4246,1118,31,35,1124
4269,1123,15,22,1124
4300,1115,12,16,1124
4317,1119,0,4,1124
4336,1115,11,15,1124
54,1130,5,10,1125
70,1133,11,16,1125
71,1133,11,16,1125
97,1135,2,23,1125
144,1125,22,25,1125
145,1128,19,20,1125
227,1135,30,33,1125
273,1133,18,21,1125
298,1133,6,20,1125
315,1138,9,21,1126
322,1129,32,35,1126
391,1125,14,16,1126
449,1137,13,24,1126
542,1135,12,16,1126
634,1133,15,16,1126
679,1138,9,12,1126
726,1125,22,26,1126
734,1138,14,16,1126
736,1139,23,35,1127
807,1134,31,34,1127
835,1139,14,22,1127
840,1134,6,9,1127
862,1128,10,23,1127
865,1135,12,13,1127
872,1138,14,19,1127
910,1138,9,13,1127
936,1136,8,19,1128
938,1138,27,35,1128
1051,1132,3,4,1128
1113,1134,25,29,1128
1118,1133,0,33,1128
1175,1133,11,12,1128
1176,1133,11,12,1128
1237,1135,14,15,1128
1272,1130,5,8,1128
1273,1130,5,8,1129
1277,1125,3,8,1129
1297,1138,9,18,1129
1318,1133,11,21,1129
1416,1128,10,24,1129
1419,1137,3,7,1129
1458,1135,12,14,1129
1490,1138,27,30,1129
1573,1131,12,18,1130
1577,1134,12,14,1130
1587,1135,12,14,1130
1598,1135,2,13,1130
1616,1125,3,26,1130
1620,1135,12,16,1130
1691,1135,2,9,1130
1692,1135,2,9,1130
1695,1125,3,18,1130
1728,1133,6,21,1131
1917,1130,32,33,1131
1960,1128,19,22,1131
2092,1135,30,32,1131
2153,1128,19,33,1131
2173,1132,0,6,1131
2206,1137,3,5,1131
2282,1126,18,24,1131
2283,1126,18,24,1131
2326,1133,6,8,1132
2375,1134,24,33,1132
2382,1135,24,25,1132
2479,1134,6,9,1132
2513,1130,5,6,1132
2530,1136,8,24,1132
2569,1130,5,17,1132
2635,1128,10,18,1132
2673,1135,14,18,1133
2731,1134,31,34,1133
2735,1137,3,6,1133
2973,1134,6,9,1133
3027,1138,9,16,1133
3074,1128,19,33,1133
3075,1128,19,33,1133
3124,1138,9,16,1133
3143,1138,9,21,1133
3155,1138,9,16,1134
3176,1126,18,25,1134
3177,1126,18,25,1134
3347,1138,27,32,1134
3353,1138,27,31,1134
3467,1131,21,34,1134
3479,1130,32,33,1134
3483,1128,19,30,1134
3492,1138,9,13,1135
3493,1138,27,35,1135
3505,1137,3,9,1135
3558,1137,3,9,1135
3609,1132,0,9,1135
3659,1132,0,9,1135
3660,1132,0,9,1135
3661,1132,0,9,1135
3685,1133,31,34,1135
3687,1135,2,5,1136
3703,1133,6,10,1136
3705,1134,6,9,1136
3708,1135,12,14,1136
3722,1139,23,27,1136
3743,1135,2,13,1136
3745,1133,11,19,1136
3753,1128,10,25,1136
3754,1135,12,16,1136
3767,1132,0,8,1137
3768,1132,0,8,1137
3811,1135,2,8,1137
3825,1137,3,6,1137
3835,1125,3,9,1137
3872,1137,13,18,1137
3883,1125,3,9,1137
3884,1125,3,9,1137
3924,1131,12,18,1138
3945,1125,3,7,1138
3994,1133,6,23,1138
4025,1135,24,30,1138
4056,1126,18,23,1138
4104,1125,3,9,1138
4105,1125,3,9,1138
4127,1134,6,9,1138
4204,1136,8,20,1138
4207,1138,27,32,1139
4211,1135,12,18,1139
4257,1130,32,35,1139
4268,1125,3,21,1139
4298,1133,6,18,1139
4321,1126,16,17,1139
4325,1133,6,15,1139
4349,1133,31,32,1139
15,1144,25,26,1140
16,1144,25,26,1140
30,1143,5,16,1140
31,1143,5,16,1140
113,1152,27,34,1140
213,1153,31,32,1140
219,1146,6,9,1140
220,1146,6,9,1141
221,1146,6,9,1141
222,1146,6,10,1141
256,1152,12,14,1141
330,1142,19,23,1141
470,1146,6,9,1141
615,1148,3,19,1141
647,1144,25,28,1142
693,1147,2,8,1142
703,1152,12,23,1142
705,1153,13,24,1142
963,1143,7,12,1142
975,1144,25,32,1142
1061,1143,32,35,1142
1064,1152,9,21,1143
1065,1152,9,21,1143
1086,1146,6,25,1143
1227,1154,20,27,1143
1231,1143,32,35,1143
1234,1150,19,30,1143
1323,1148,11,25,1143
1326,1148,7,25,1144
1377,1144,10,16,1144
1385,1151,12,25,1144
1420,1147,2,5,1144
1428,1147,1,2,1144
1429,1147,2,24,1144
1495,1144,0,6,1144
1502,1152,12,21,1145
1503,1152,12,21,1145
1507,1152,9,25,1145
1508,1152,9,25,1145
1527,1149,16,21,1145
1528,1149,16,22,1145
1588,1153,13,21,1145
1589,1154,13,21,1146
1592,1148,3,6,1146
1593,1148,3,6,1146
1618,1146,31,34,1146
1632,1140,13,23,1146
1661,1144,10,24,1146
1662,1148,11,16,1146
1669,1145,15,24,1147
1684,1142,4,7,1147
1716,1152,12,25,1147
1723,1150,33,35,1147
1736,1142,18,20,1147
1782,1149,7,8,1147
1997,1140,23,35,1147
2030,1144,22,35,1148
2090,1149,16,19,1148
2172,1143,5,21,1148
2188,1148,7,18,1148
2191,1145,10,13,1148
2276,1142,12,16,1148
2331,1151,5,6,1148
2344,1146,6,28,1149
2434,1140,23,28,1149
2443,1148,11,18,1149
2462,1152,9,18,1149
2463,1152,9,18,1149
2470,1154,20,21,1149
2680,1152,12,16,1149
2744,1143,5,25,1150
2770,1148,25,35,1150
2832,1148,25,35,1150
2848,1152,12,18,1150
2869,1142,19,22,1150
2895,1143,5,14,1150
2930,1148,11,25,1150
2945,1142,0,9,1151
2958,1144,10,21,1151
2998,1146,6,25,1151
3167,1150,19,30,1151
3250,1143,5,18,1151
3280,1154,14,23,1151
3367,1147,2,16,1151
3531,1148,3,6,1152
3600,1142,0,6,1152
3627,1144,10,24,1152
3646,1145,15,21,1152
3736,1142,16,20,1152
3746,1142,24,25,1152
3747,1142,24,25,1152
3748,1144,26,33,1153
3756,1152,9,25,1153
3805,1145,17,23,1153
3822,1144,0,6,1153
3833,1143,0,4,1153
3874,1152,9,25,1153
3892,1145,15,22,1153
3908,1151,5,22,1154
3926,1148,11,25,1154
4049,1148,25,35,1154
4164,1150,19,30,1154
4195,1152,27,35,1154
4255,1143,5,18,1154
4330,1144,25,35,1154
1,1162,3,14,1155
233,1164,12,16,1155
236,1163,18,23,1155
451,1158,16,19,1155
469,1168,31,34,1155
575,1165,19,20,1155
587,1164,12,14,1156
627,1163,3,6,1156
628,1163,3,6,1156
715,1165,25,30,1156
716,1165,25,30,1156
721,1163,24,30,1157
728,1160,23,33,1157
745,1158,16,19,1157
918,1163,12,16,1157
966,1168,31,35,1157
1032,1162,3,14,1158
1042,1158,19,24,1158
1153,1168,31,35,1158
1250,1161,1,2,1158
1447,1167,11,17,1158
1478,1167,11,19,1159
1520,1165,10,22,1159
1625,1158,18,31,1159
1656,1162,3,4,1159
1657,1164,4,9,1159
1704,1165,5,9,1160
1734,1164,12,19,1160
1738,1161,11,13,1160
1739,1161,11,24,1160
1794,1166,14,24,1160
2042,1156,22,23,1161
2156,1161,1,3,1161
2221,1168,6,20,1161
2244,1155,30,35,1161
2327,1159,9,13,1161
2389,1165,13,24,1162
2407,1162,3,6,1162
2408,1162,3,6,1162
2423,1164,12,16,1162
2576,1161,25,35,1162
2586,1166,5,24,1163
2587,1166,5,24,1163
2733,1157,8,18,1163
2766,1164,12,23,1163
2781,1158,18,20,1163
2978,1158,31,33,1164
2979,1158,31,33,1164
3089,1164,12,16,1164
3094,1155,7,22,1164
3129,1161,15,19,1164
3201,1168,6,18,1165
3257,1161,11,17,1165
3258,1164,16,21,1165
3312,1166,14,18,1165
3324,1155,8,11,1165
3442,1159,9,19,1166
3624,1161,11,17,1166
3706,1168,31,34,1166
3723,1164,12,24,1166
3738,1158,0,9,1166
3739,1164,12,24,1167
3751,1164,12,24,1167
3779,1167,11,18,1167
3849,1162,3,8,1167
3932,1161,11,12,1167
3952,1159,9,12,1168
3979,1166,5,13,1168
4069,1161,11,17,1168
4113,1168,31,34,1168
4221,1168,6,12,1168
4237,1161,22,34,1169
4274,1163,18,20,1169
4275,1163,18,20,1169
4305,1169,26,30,1169
4306,1169,26,30,1169
2,1174,27,31,1170
171,1172,29,35,1170
278,1174,27,30,1170
411,1170,7,19,1170
413,1170,30,35,1171
556,1175,23,27,1171
610,1180,20,26,1171
741,1179,21,35,1172
810,1184,4,8,1172
858,1170,7,19,1172
968,1180,0,3,1172
1112,1181,11,22,1173
1444,1182,25,31,1173
1445,1173,13,23,1173
1446,1174,9,21,1174
1474,1179,34,35,1174
1534,1173,13,14,1174
1567,1179,0,4,1175
1572,1183,3,9,1175
1603,1179,34,35,1175
1609,1179,0,21,1175
1706,1174,9,20,1176
1743,1183,12,18,1176
1754,1179,0,5,1176
2024,1182,22,23,1177
2045,1177,19,26,1177
2046,1177,19,26,1177
2290,1181,11,26,1177
2392,1180,21,27,1178
2471,1179,24,34,1178
2674,1172,17,29,1178
2684,1182,25,26,1179
2742,1183,18,22,1179
3048,1172,15,23,1179
3071,1170,20,22,1180
3192,1181,1,12,1180
3530,1179,0,21,1180
3545,1183,3,9,1180
3566,1179,34,35,1181
3572,1179,0,9,1181
3573,1179,0,9,1181
3686,1179,0,3,1182
3691,1179,0,9,1182
3809,1183,12,14,1182
3958,1180,16,21,1182
4005,1180,21,35,1183
4145,1170,7,9,1183
4146,1170,7,9,1183
4180,1184,4,22,1184
4181,1184,4,22,1184
4254,1175,30,33,1184
12,1189,31,35,1185
41,1187,23,26,1185
232,1189,31,35,1185
296,1199,25,26,1185
309,1196,29,35,1186
338,1197,26,32,1186
439,1194,9,18,1186
467,1194,9,19,1186
468,1194,9,19,1187
489,1191,30,32,1187
527,1185,19,20,1187
653,1186,5,8,1187
868,1192,28,35,1188
1083,1189,6,9,1188
1084,1189,6,9,1188
1114,1196,29,31,1188
1136,1191,7,9,1189
1486,1186,32,35,1189
1832,1186,5,25,1189
2126,1190,24,32,1189
2128,1188,21,26,1190
2216,1191,30,35,1190
2231,1186,5,20,1190
2245,1186,32,33,1190
2288,1197,26,32,1191
2323,1189,6,21,1191
2345,1194,9,19,1191
2346,1194,9,19,1191
2425,1194,9,18,1192
2441,1191,7,23,1192
2442,1191,7,24,1192
2445,1186,32,35,1193
2500,1199,21,26,1193
2535,1191,7,28,1193
2536,1191,7,28,1193
2603,1187,23,24,1194
2604,1187,23,24,1194
2754,1186,32,33,1194
2825,1191,30,35,1194
2834,1191,25,28,1195
2903,1194,27,35,1195
2906,1191,22,26,1195
2915,1189,6,17,1195
2916,1189,6,17,1196
2976,1189,6,7,1196
3144,1191,22,27,1196
3181,1190,12,13,1196
3287,1187,13,16,1197
3350,1189,6,25,1197
3507,1199,0,9,1197
3888,1186,5,21,1197
3936,1197,0,3,1198
3940,1186,5,9,1198
3941,1186,5,9,1198
3961,1197,0,8,1198
3962,1198,0,8,1199
4248,1194,9,25,1199
4342,1188,21,25,1199
111,1203,13,16,1200
135,1201,12,16,1200
136,1201,12,16,1200
137,1201,12,16,1200
138,1201,12,16,1201
143,1206,6,24,1201
176,1203,22,34,1201
204,1201,12,24,1202
486,1203,14,18,1202
595,1200,25,29,1202
618,1201,21,27,1203
654,1208,7,8,1203
698,1210,25,28,1203
782,1201,21,27,1204
1069,1212,9,16,1204
1130,1209,7,13,1204
1221,1204,14,21,1205
1258,1212,27,34,1205
1298,1204,4,20,1205
1364,1211,9,16,1205
1457,1212,9,26,1206
1517,1204,4,24,1206
1681,1209,24,25,1206
1864,1200,25,33,1207
1931,1204,23,28,1207
2064,1206,13,16,1207
2137,1200,25,35,1208
2154,1200,25,35,1208
2158,1206,23,25,1208
2166,1203,14,18,1209
2212,1208,7,9,1209
2213,1209,7,9,1209
2239,1206,6,16,1210
2252,1206,6,21,1210
2504,1214,10,11,1210
2578,1201,24,30,1210
2640,1204,4,7,1211
2997,1205,5,17,1211
3223,1211,27,30,1211
3273,1200,11,18,1212
3274,1200,11,18,1212
3326,1200,11,18,1212
3486,1201,1,2,1213
3487,1201,1,4,1213
3752,1203,13,20,1213
4206,1213,19,22,1214
4217,1206,23,26,1214
4230,1201,12,19,1214
18,1222,3,18,1215
282,1228,6,12,1215
332,1225,24,32,1216
495,1223,18,25,1216
496,1223,18,25,1217
560,1219,12,25,1217
780,1219,12,16,1218
1009,1216,29,33,1218
1010,1216,29,33,1219
1370,1215,26,34,1219
1459,1222,3,7,1220
1464,1218,0,9,1220
1496,1219,24,25,1221
1667,1218,0,9,1221
1925,1228,31,35,1222
1927,1227,6,12,1222
2430,1220,13,16,1223
2431,1220,13,16,1223
2780,1223,23,31,1224
2813,1220,1,6,1224
3037,1221,14,30,1225
3038,1221,14,30,1225
3495,1227,11,15,1226
3707,1218,0,6,1226
3801,1218,0,6,1227
3950,1228,6,18,1227
4157,1228,6,21,1228
4158,1228,6,21,1228
4260,1221,2,21,1229
17,1231,20,26,1230
133,1236,13,16,1230
199,1236,30,33,1230
421,1243,3,9,1231
637,1233,22,26,1231
735,1232,9,12,1232
829,1238,0,2,1232
830,1238,0,2,1233
1141,1242,1,4,1233
1315,1233,9,19,1233
1387,1238,12,21,1234
1402,1233,9,18,1234
1454,1231,21,27,1235
1521,1244,3,5,1235
1820,1236,11,12,1236
1914,1240,14,24,1236
2189,1236,23,32,1237
2190,1236,23,32,1237
2291,1231,29,35,1237
2328,1231,26,32,1238
2626,1233,9,16,1238
2688,1238,12,16,1239
3161,1232,27,34,1239
3308,1231,8,12,1240
3365,1236,6,7,1240
3413,1231,26,35,1241
3503,1238,0,3,1241
3504,1238,0,10,1241
3522,1236,0,2,1242
3544,1242,2,9,1242
3563,1242,2,9,1243
3565,1237,0,3,1243
4017,1231,21,23,1244
4258,1233,9,12,1244
193,1254,9,12,1245
194,1254,9,12,1245
268,1254,27,30,1245
288,1245,10,13,1245
435,1259,1,22,1246
636,1248,6,23,1246
727,1253,22,28,1246
877,1252,28,35,1247
961,1251,28,32,1247
1048,1245,4,12,1247
1049,1245,4,12,1248
1082,1249,19,26,1248
1515,1247,32,35,1249
1822,1257,11,16,1249
1977,1257,11,16,1249
2159,1257,0,31,1250
2160,1257,0,31,1250
2256,1251,20,26,1250
2311,1254,9,14,1251
2312,1254,9,14,1251
2381,1252,20,29,1251
2412,1254,9,19,1252
2428,1255,10,18,1252
2616,1251,7,9,1252
2617,1251,7,9,1253
2729,1245,22,26,1253
2850,1254,9,18,1253
2968,1253,22,24,1254
2969,1253,22,24,1254
3023,1247,5,24,1254
3131,1254,27,31,1255
3276,1245,15,21,1255
3441,1254,9,14,1255
3448,1247,5,9,1256
3485,1251,15,21,1256
3626,1245,15,21,1256
3696,1251,29,33,1257
3953,1257,0,4,1257
3976,1251,7,19,1257
4094,1254,22,30,1258
4147,1248,18,21,1258
4168,1255,23,26,1258
4169,1255,23,26,1259
4301,1257,0,5,1259
4302,1257,0,5,1259
462,1265,5,13,1260
463,1265,5,13,1260
860,1272,18,21,1261
914,1262,18,34,1261
1000,1272,9,16,1262
1124,1270,8,17,1262
1415,1264,5,6,1263
1480,1272,9,16,1263
1481,1272,9,16,1264
1541,1261,3,20,1264
1610,1272,9,21,1265
1611,1272,9,21,1265
1670,1261,3,20,1266
1715,1265,5,18,1266
1774,1269,19,21,1267
1795,1274,22,25,1267
1867,1274,22,25,1268
2149,1272,27,30,1268
2357,1261,3,5,1269
2450,1265,32,35,1269
2644,1265,5,9,1270
2657,1269,7,16,1270
2681,1264,32,35,1271
2714,1270,8,14,1271
2753,1274,10,21,1272
2776,1264,21,28,1272
2830,1265,32,35,1273
3427,1272,9,18,1273
3449,1265,5,12,1274
4228,1272,27,31,1274
635,1280,2,19,1275
1200,1280,2,22,1275
1263,1288,18,35,1276
1400,1283,4,17,1276
1493,1275,0,12,1277
1623,1277,0,1,1278
1682,1282,3,10,1278
1758,1277,23,26,1279
1884,1275,0,11,1279
2193,1287,31,35,1280
2406,1275,11,18,1281
2592,1282,3,5,1281
2797,1279,17,23,1282
2861,1282,3,5,1282
2862,1282,3,5,1283
2871,1280,1,18,1284
2946,1282,3,21,1284
3212,1281,3,9,1285
3224,1275,0,1,1285
3734,1281,3,10,1286
3912,1282,3,9,1287
3929,1278,0,3,1287
3937,1281,3,12,1288
4053,1288,7,11,1288
4088,1280,1,16,1289
5,1298,11,15,1290
6,1298,11,15,1290
7,1298,11,15,1290
52,1293,31,33,1290
121,1300,12,35,1291
293,1302,11,14,1291
389,1294,27,35,1291
423,1295,22,26,1291
426,1299,24,28,1292
443,1294,27,35,1292
464,1290,7,21,1292
465,1290,7,21,1292
651,1294,9,15,1293
912,1290,7,19,1293
1102,1302,25,32,1293
1313,1294,27,35,1293
1542,1300,24,25,1294
1584,1299,24,30,1294
1626,1297,23,30,1295
1862,1300,12,16,1295
1998,1291,6,9,1295
2050,1297,34,35,1295
2081,1294,27,32,1296
2109,1290,8,13,1296
2675,1294,9,20,1296
2676,1294,9,20,1296
2921,1300,12,16,1297
2925,1298,11,18,1297
2928,1300,24,28,1297
2929,1300,24,28,1297
2943,1299,24,28,1298
2944,1299,24,28,1298
2992,1291,20,35,1298
3065,1291,30,33,1299
3141,1304,26,32,1299
3178,1290,28,33,1299
3193,1293,21,26,1300
3252,1291,30,33,1300
3332,1294,9,16,1300
3333,1294,9,16,1300
3336,1300,12,20,1301
3416,1294,9,10,1301
3417,1294,9,10,1301
3438,1298,25,35,1301
3546,1302,3,8,1302
3667,1296,0,3,1302
3668,1296,0,3,1302
3669,1296,0,3,1303
3710,1297,0,3,1303
3711,1297,0,3,1303
3990,1300,24,32,1303
4092,1290,29,35,1304
4299,1295,22,26,1304
4340,1300,12,16,1304
19,1308,28,32,1305
67,1317,11,16,1305
266,1315,16,25,1305
586,1313,9,21,1306
723,1308,6,24,1306
825,1314,27,35,1307
889,1315,9,31,1307
1299,1305,5,13,1308
1359,1318,12,16,1308
1547,1305,5,8,1309
1712,1308,28,32,1309
2069,1318,22,31,1310
2121,1314,9,12,1310
2122,1314,9,12,1311
2123,1314,9,12,1311
2315,1314,9,16,1312
2487,1314,9,12,1312
2488,1314,9,12,1313
2597,1308,28,32,1313
2602,1314,27,31,1314
2696,1318,24,28,1314
3020,1318,12,16,1315
3060,1314,9,16,1315
3061,1314,9,16,1316
3095,1312,19,23,1316
3259,1313,9,21,1317
3749,1314,27,30,1317
3946,1315,10,32,1318
4099,1308,28,32,1318
4143,1315,20,22,1319
4303,1315,17,18,1319
475,1334,9,25,1320
507,1325,33,35,1320
657,1329,31,33,1320
775,1328,24,32,1321
817,1326,5,14,1321
837,1334,9,21,1321
848,1327,22,32,1322
857,1331,19,24,1322
987,1321,4,6,1323
1293,1333,8,18,1323
1338,1334,9,18,1323
1341,1334,9,14,1324
1342,1334,9,14,1324
1373,1330,18,20,1325
1395,1329,6,9,1325
1441,1320,0,5,1325
1442,1320,0,5,1326
1685,1333,21,31,1326
1905,1334,9,25,1326
2192,1331,19,24,1327
2238,1329,6,16,1327
2249,1334,27,29,1328
2330,1334,9,16,1328
2506,1334,9,19,1328
2661,1334,9,22,1329
2697,1326,5,25,1329
2710,1334,9,14,1330
2842,1329,25,32,1330
2910,1333,28,32,1330
2957,1330,16,21,1331
3008,1334,9,20,1331
3009,1334,9,20,1331
3028,1334,9,13,1332
3263,1323,1,24,1332
3374,1334,27,35,1333
3993,1329,6,16,1333
4039,1334,9,23,1333
4040,1334,9,23,1334
4155,1333,8,18,1334
117,1335,29,35,1335
577,1339,24,35,1336
929,1337,11,12,1337
1267,1339,12,25,1339
1397,1335,27,35,1340
2061,1341,24,32,1341
2209,1335,9,21,1343
2706,1347,22,34,1344
3959,1335,10,32,1345
3960,1335,10,32,1347
3971,1339,12,13,1348
118,1357,21,34,1350
340,1355,19,26,1351
553,1353,18,21,1353
1195,1357,21,29,1355
1735,1359,20,30,1356
2265,1353,18,35,1358
2737,1359,21,23,1360
3419,1364,25,35,1361
3966,1355,19,26,1363
